solver,instance_id,n,p,energy,gap,success_prob,wall_time,qpu_seconds
CPLEX,n4_k2_d0.25_seed1,4,,0.6045127555620127,0.0,1.0,0.23722429999907035,
CPLEX,n4_k2_d0.25_seed2,4,,0.30185441825729953,0.0,1.0,0.07286410000233445,
CPLEX,n4_k2_d0.25_seed3,4,,0.06135413687392344,0.0,1.0,0.05613850000372622,
CPLEX,n6_k3_d0.25_seed1,6,,0.2775567948639974,0.0,1.0,0.0473954999979469,
CPLEX,n6_k3_d0.25_seed2,6,,0.09281392309021186,0.0,1.0,0.04684129999805009,
CPLEX,n6_k3_d0.25_seed3,6,,0.3818469882206159,0.0,1.0,0.07841999999800464,
CPLEX,n8_k4_d0.25_seed1,8,,0.4370002204909227,0.0,1.0,0.26916540000092937,
CPLEX,n8_k4_d0.25_seed2,8,,1.0171073819696659,0.0,1.0,0.0793026999963331,
CPLEX,n8_k4_d0.25_seed3,8,,1.080469573459279,0.0,1.0,0.12290199999551987,
CPLEX,n10_k5_d0.25_seed1,10,,1.0170781161139502,0.0,1.0,0.21434059999592137,
CPLEX,n10_k5_d0.25_seed2,10,,1.077053011640757,0.0,1.0,0.359288400002697,
CPLEX,n10_k5_d0.25_seed3,10,,1.2902156576516504,0.0,1.0,0.25617680000141263,
CPLEX,n12_k6_d0.25_seed1,12,,0.7526917420976709,0.0,1.0,0.2443113000044832,
CPLEX,n12_k6_d0.25_seed2,12,,1.099693001253545,0.0,1.0,0.07846820000122534,
CPLEX,n12_k6_d0.25_seed3,12,,0.7943512510812489,0.0,1.0,0.041623500001151115,
SA,n4_k2_d0.25_seed1,4,,0.6045127555620144,2.9384935604026747e-15,0.2,0.014586299999791663,
SA,n4_k2_d0.25_seed2,4,,0.30185441825729775,-5.88481311506294e-15,0.205,0.01121640000201296,
SA,n4_k2_d0.25_seed3,4,,0.06135413687392344,0.0,0.26,0.012782799996784888,
SA,n6_k3_d0.25_seed1,6,,0.27755679486398677,-3.8399856294723325e-14,0.05,0.015204200004518498,
SA,n6_k3_d0.25_seed2,6,,0.09281392309021186,0.0,0.025,0.014318400004412979,
SA,n6_k3_d0.25_seed3,6,,0.38184698822061947,9.30402435634214e-15,0.055,0.019655199997941963,
SA,n8_k4_d0.25_seed1,8,,0.4370002204909298,1.6259550966859512e-14,0.04,0.06872479999583447,
SA,n8_k4_d0.25_seed2,8,,1.0171073819696232,-4.1915499682095e-14,0.035,0.023999799996090587,
SA,n8_k4_d0.25_seed3,8,,1.0804695734593182,3.616932066091018e-14,0.03,0.03193689999898197,
SA,n10_k5_d0.25_seed1,10,,1.0170781161139537,3.4930588147690186e-15,0.015,0.03508449999935692,
SA,n10_k5_d0.25_seed2,10,,1.077053011640782,2.3089853036777333e-14,0.01,0.032765700001618825,
SA,n10_k5_d0.25_seed3,10,,1.2902156576516504,0.0,0.02,0.03426639999815961,
SA,n12_k6_d0.25_seed1,12,,0.8726717672558415,0.1594012773725924,0.01,0.03987519999645883,
SA,n12_k6_d0.25_seed2,12,,1.3455229290887516,0.2235441414603747,0.01,0.04204500000196276,
SA,n12_k6_d0.25_seed3,12,,0.9658473865215491,0.21589458719535518,0.005,0.044703199993819,
SQA,n4_k2_d0.25_seed1,4,,0.6045127555620144,2.9384935604026747e-15,0.18,0.3252001000000746,
SQA,n4_k2_d0.25_seed2,4,,0.30185441825729775,-5.88481311506294e-15,0.165,0.32319750000169734,
SQA,n4_k2_d0.25_seed3,4,,0.06135413687392344,0.0,0.19,0.3223485999988043,
SQA,n6_k3_d0.25_seed1,6,,0.27755679486398677,-3.8399856294723325e-14,0.065,0.6096949999991921,
SQA,n6_k3_d0.25_seed2,6,,0.09281392309021186,0.0,0.06,0.6412645000018529,
SQA,n6_k3_d0.25_seed3,6,,0.38184698822061947,9.30402435634214e-15,0.05,0.6740535999997519,
SQA,n8_k4_d0.25_seed1,8,,0.4370002204909298,1.6259550966859512e-14,0.01,1.0953222999960417,
SQA,n8_k4_d0.25_seed2,8,,1.0171073819696232,-4.1915499682095e-14,0.01,1.0293012999973143,
SQA,n8_k4_d0.25_seed3,8,,1.0804695734593182,3.616932066091018e-14,0.005,1.0512087999959476,
SQA,n10_k5_d0.25_seed1,10,,1.0170781161139537,3.4930588147690186e-15,0.01,1.5642182000010507,
SQA,n10_k5_d0.25_seed2,10,,1.077053011640782,2.3089853036777333e-14,0.01,1.7572376999960397,
SQA,n10_k5_d0.25_seed3,10,,1.2902156576516504,0.0,0.015,1.7523422000012943,
SQA,n12_k6_d0.25_seed1,12,,1.0262344485577906,0.3634193005728821,0.005,2.4685803999964264,
SQA,n12_k6_d0.25_seed2,12,,1.0996930012535913,4.199833751034125e-14,0.01,2.3520315999994637,
SQA,n12_k6_d0.25_seed3,12,,1.1255943125713905,0.41699822470130526,0.005,2.36424260000058,
QAOA_SV,n4_k2_d0.25_seed1,4,1.0,0.6045127555620127,0.0,0.056810590747706634,0.1345895000049495,
QAOA_SV,n4_k2_d0.25_seed1,4,2.0,0.6045127555620127,0.0,0.1045848758696146,0.27289610000298126,
QAOA_SV,n4_k2_d0.25_seed1,4,3.0,0.6045127555620127,0.0,0.11501564657779148,0.200700000001234,
QAOA_SV,n4_k2_d0.25_seed2,4,1.0,0.30185441825729953,0.0,0.13466190802035982,0.15007409999816446,
QAOA_SV,n4_k2_d0.25_seed2,4,2.0,0.30185441825729953,0.0,0.13897515967611365,0.3015298999962397,
QAOA_SV,n4_k2_d0.25_seed2,4,3.0,0.30185441825729953,0.0,0.08104145595765012,0.28341809999983525,
QAOA_SV,n4_k2_d0.25_seed3,4,1.0,0.06135413687392344,0.0,0.14620199891616503,0.18971910000254866,
QAOA_SV,n4_k2_d0.25_seed3,4,2.0,0.06135413687392344,0.0,0.059148275635462134,0.2883109000031254,
QAOA_SV,n4_k2_d0.25_seed3,4,3.0,0.06135413687392344,0.0,0.09403788989997074,0.3520624000011594,
QAOA_SV,n6_k3_d0.25_seed1,6,1.0,0.2775567948639974,0.0,0.01345370935070296,0.4751810999950976,
QAOA_SV,n6_k3_d0.25_seed1,6,2.0,0.2775567948639974,0.0,0.043925698672197,0.25655949999782024,
QAOA_SV,n6_k3_d0.25_seed1,6,3.0,0.2775567948639974,0.0,0.02981720954548049,0.6349829000027967,
QAOA_SV,n6_k3_d0.25_seed2,6,1.0,0.09281392309021186,0.0,0.0399004124815974,0.28601570000319043,
QAOA_SV,n6_k3_d0.25_seed2,6,2.0,0.09281392309021186,0.0,0.025632158289820052,0.4749803000013344,
QAOA_SV,n6_k3_d0.25_seed2,6,3.0,0.09281392309021186,0.0,0.03783831843487093,0.5999953000064124,
QAOA_SV,n6_k3_d0.25_seed3,6,1.0,0.3818469882206159,0.0,0.022636775173384725,0.14775809999991907,
QAOA_SV,n6_k3_d0.25_seed3,6,2.0,0.3818469882206159,0.0,0.01518947151794518,0.49085899999772664,
QAOA_SV,n6_k3_d0.25_seed3,6,3.0,0.3818469882206159,0.0,0.030696004000667167,0.6273357999962172,
QAOA_SV,n8_k4_d0.25_seed1,8,1.0,0.4370002204909227,0.0,0.003747986866634028,0.7863786000016262,
QAOA_SV,n8_k4_d0.25_seed1,8,2.0,0.4370002204909227,0.0,0.01658224968014109,1.0832136999961222,
QAOA_SV,n8_k4_d0.25_seed1,8,3.0,0.4370002204909227,0.0,0.005950449484114758,1.2136986999976216,
QAOA_SV,n8_k4_d0.25_seed2,8,1.0,1.0171073819696659,0.0,0.007257481142112997,0.955120699996769,
QAOA_SV,n8_k4_d0.25_seed2,8,2.0,1.0171073819696659,0.0,0.00011452636775927138,1.0495080999971833,
QAOA_SV,n8_k4_d0.25_seed2,8,3.0,1.0171073819696659,0.0,0.0027156638113084134,1.5188781999968342,
QAOA_SV,n8_k4_d0.25_seed3,8,1.0,1.080469573459279,0.0,0.005882998463614473,0.7722978000019793,
QAOA_SV,n8_k4_d0.25_seed3,8,2.0,1.080469573459279,0.0,0.0005126148074761367,1.2528051999979652,
QAOA_SV,n8_k4_d0.25_seed3,8,3.0,1.080469573459279,0.0,0.010788083423674981,1.4620031000013114,
QAOA_SV,n10_k5_d0.25_seed1,10,1.0,1.0170781161139502,0.0,0.0007794339945544666,3.1714744999990216,
QAOA_SV,n10_k5_d0.25_seed1,10,2.0,1.0170781161139502,0.0,0.007559045760872178,4.3831500000014785,
QAOA_SV,n10_k5_d0.25_seed1,10,3.0,1.0170781161139502,0.0,0.004089756510904693,3.653135000000475,
QAOA_SV,n10_k5_d0.25_seed2,10,1.0,1.077053011640757,0.0,0.0016031162393585732,3.2535836000024574,
QAOA_SV,n10_k5_d0.25_seed2,10,2.0,1.077053011640757,0.0,0.000858178958252377,3.219414200000756,
QAOA_SV,n10_k5_d0.25_seed2,10,3.0,1.077053011640757,0.0,0.0014222473820879246,3.8160655000028783,
QAOA_SV,n10_k5_d0.25_seed3,10,1.0,1.2902156576516504,0.0,0.0011159316090540979,1.1319035999986227,
QAOA_SV,n10_k5_d0.25_seed3,10,2.0,1.2902156576516504,0.0,0.0005832574987723128,3.888396100002865,
QAOA_SV,n10_k5_d0.25_seed3,10,3.0,1.2902156576516504,0.0,0.005113618649170199,2.3890926000021864,
QAOA_SV,n12_k6_d0.25_seed1,12,1.0,0.7526917420976709,0.0,0.00016077227213272935,8.052426700000069,
QAOA_SV,n12_k6_d0.25_seed1,12,2.0,0.7526917420976709,0.0,0.0023907429096627943,6.616815100001986,
QAOA_SV,n12_k6_d0.25_seed1,12,3.0,0.7526917420976709,0.0,0.0003310356321305564,12.812798999999359,
QAOA_SV,n12_k6_d0.25_seed2,12,1.0,1.099693001253545,0.0,0.00046724347898463147,12.02738600000157,
QAOA_SV,n12_k6_d0.25_seed2,12,2.0,1.099693001253545,0.0,0.0009292971522316874,15.401062600001751,
QAOA_SV,n12_k6_d0.25_seed2,12,3.0,1.099693001253545,0.0,0.0004796389273247257,9.717153900004632,
QAOA_SV,n12_k6_d0.25_seed3,12,1.0,0.7943512510812489,0.0,0.00036245456610977083,7.877311700001883,
QAOA_SV,n12_k6_d0.25_seed3,12,2.0,0.7943512510812489,0.0,0.00035081041963614735,12.43931679999514,
QAOA_SV,n12_k6_d0.25_seed3,12,3.0,0.7943512510812489,0.0,0.001250973385969656,14.542975000003935,
QAOA_SHOTS,n4_k2_d0.25_seed1,4,1.0,0.6045127555620127,0.0,0.0498046875,0.1715985000046203,
QAOA_SHOTS,n4_k2_d0.25_seed1,4,2.0,0.6045127555620127,0.0,0.1015625,0.17949509999743896,
QAOA_SHOTS,n4_k2_d0.25_seed1,4,3.0,0.6045127555620127,0.0,0.09375,0.17030630000226665,
QAOA_SHOTS,n4_k2_d0.25_seed2,4,1.0,0.30185441825729953,0.0,0.1259765625,0.16917710000416264,
QAOA_SHOTS,n4_k2_d0.25_seed2,4,2.0,0.30185441825729953,0.0,0.1484375,0.15310789999784902,
QAOA_SHOTS,n4_k2_d0.25_seed2,4,3.0,0.30185441825729953,0.0,0.080078125,0.18350280000595376,
QAOA_SHOTS,n4_k2_d0.25_seed3,4,1.0,0.06135413687392344,0.0,0.1357421875,0.1897164999973029,
QAOA_SHOTS,n4_k2_d0.25_seed3,4,2.0,0.06135413687392344,0.0,0.0478515625,0.18779100000392646,
QAOA_SHOTS,n4_k2_d0.25_seed3,4,3.0,0.06135413687392344,0.0,0.099609375,0.1613680000009481,
QAOA_SHOTS,n6_k3_d0.25_seed1,6,1.0,0.2775567948639974,0.0,0.0185546875,0.15844020000076853,
QAOA_SHOTS,n6_k3_d0.25_seed1,6,2.0,0.2775567948639974,0.0,0.0390625,0.155552300006093,
QAOA_SHOTS,n6_k3_d0.25_seed1,6,3.0,0.2775567948639974,0.0,0.033203125,0.18411680000281194,
QAOA_SHOTS,n6_k3_d0.25_seed2,6,1.0,0.09281392309021186,0.0,0.041015625,0.1690658000006806,
QAOA_SHOTS,n6_k3_d0.25_seed2,6,2.0,0.09281392309021186,0.0,0.0283203125,0.16748809999990044,
QAOA_SHOTS,n6_k3_d0.25_seed2,6,3.0,0.09281392309021186,0.0,0.03125,0.20046509999519913,
QAOA_SHOTS,n6_k3_d0.25_seed3,6,1.0,0.3818469882206159,0.0,0.02734375,0.179064500000095,
QAOA_SHOTS,n6_k3_d0.25_seed3,6,2.0,0.3818469882206159,0.0,0.0263671875,0.16301269999530632,
QAOA_SHOTS,n6_k3_d0.25_seed3,6,3.0,0.3818469882206159,0.0,0.0263671875,0.17625829999451526,
QAOA_SHOTS,n8_k4_d0.25_seed1,8,1.0,0.4370002204909227,0.0,0.0048828125,0.17726759999641217,
QAOA_SHOTS,n8_k4_d0.25_seed1,8,2.0,0.4370002204909227,0.0,0.017578125,0.16347289999976056,
QAOA_SHOTS,n8_k4_d0.25_seed1,8,3.0,0.4370002204909227,0.0,0.001953125,0.19770750000316184,
QAOA_SHOTS,n8_k4_d0.25_seed2,8,1.0,1.0171073819696659,0.0,0.0107421875,0.1768595000030473,
QAOA_SHOTS,n8_k4_d0.25_seed2,8,2.0,1.0643773793054265,0.04647493290651432,0.001953125,0.19047280000086175,
QAOA_SHOTS,n8_k4_d0.25_seed2,8,3.0,1.0171073819696659,0.0,0.0009765625,0.17554589999781456,
QAOA_SHOTS,n8_k4_d0.25_seed3,8,1.0,1.080469573459279,0.0,0.0078125,0.1676683999976376,
QAOA_SHOTS,n8_k4_d0.25_seed3,8,2.0,1.080469573459279,0.0,0.0009765625,0.14042370000242954,
QAOA_SHOTS,n8_k4_d0.25_seed3,8,3.0,1.080469573459279,0.0,0.0068359375,0.15993450000678422,
QAOA_SHOTS,n10_k5_d0.25_seed1,10,1.0,1.2573621735565865,0.23624936338293578,0.001953125,0.15393049999693176,
QAOA_SHOTS,n10_k5_d0.25_seed1,10,2.0,1.0170781161139502,0.0,0.0029296875,0.15946719999919878,
QAOA_SHOTS,n10_k5_d0.25_seed1,10,3.0,1.0170781161139502,0.0,0.0029296875,0.16418639999756124,
QAOA_SHOTS,n10_k5_d0.25_seed2,10,1.0,1.077053011640757,0.0,0.001953125,0.17963249999593245,
QAOA_SHOTS,n10_k5_d0.25_seed2,10,2.0,1.21297233018295,0.12619556983099345,0.0009765625,0.16573539999808418,
QAOA_SHOTS,n10_k5_d0.25_seed2,10,3.0,1.077053011640757,0.0,0.001953125,0.19881530000566272,
QAOA_SHOTS,n10_k5_d0.25_seed3,10,1.0,1.2902156576516504,0.0,0.0009765625,0.14574989999528043,
QAOA_SHOTS,n10_k5_d0.25_seed3,10,2.0,1.2902156576516504,0.0,0.001953125,0.1605453000011039,
QAOA_SHOTS,n10_k5_d0.25_seed3,10,3.0,1.2902156576516504,0.0,0.0029296875,0.1535375000021304,
QAOA_SHOTS,n12_k6_d0.25_seed1,12,1.0,0.8767349426463724,0.16479947050170432,0.0009765625,0.16170730000158073,
QAOA_SHOTS,n12_k6_d0.25_seed1,12,2.0,0.7526917420976709,0.0,0.0009765625,0.14980530000320869,
QAOA_SHOTS,n12_k6_d0.25_seed1,12,3.0,0.8726717672558131,0.15940127737255466,0.0009765625,0.15684170000167796,
QAOA_SHOTS,n12_k6_d0.25_seed2,12,1.0,1.099693001253545,0.0,0.0009765625,0.1665729000014835,
QAOA_SHOTS,n12_k6_d0.25_seed2,12,2.0,1.2651845144996123,0.15048883011660774,0.001953125,0.1902730999936466,
QAOA_SHOTS,n12_k6_d0.25_seed2,12,3.0,1.2651845144996123,0.15048883011660774,0.0009765625,0.18649290000030305,
QAOA_SHOTS,n12_k6_d0.25_seed3,12,1.0,0.9503185944516979,0.19634556269427472,0.0029296875,0.14809360000072047,
QAOA_SHOTS,n12_k6_d0.25_seed3,12,2.0,0.8181563160587473,0.02996793288245666,0.0009765625,0.17220939999970142,
QAOA_SHOTS,n12_k6_d0.25_seed3,12,3.0,0.8181563160587473,0.02996793288245666,0.0009765625,0.168251600000076,
QAOA_IBM,n8_k4_d0.25_seed1,8,1.0,0.4370002204909227,0.0,0.001953125,8.26569169999857,
QAOA_IBM,n10_k5_d0.25_seed1,10,1.0,1.0170781161139502,0.0,0.0009765625,8.057988300002762,
QAOA_IBM,n12_k6_d0.25_seed1,12,1.0,0.8621255301518467,0.14538991453419645,0.0009765625,8.318482699993183,
