instance_id,n,budget,density,seed,solver,p,sweeps,num_reads,shots,maxiter,best_bitstring,selected,energy,exact_energy,gap,success_prob,wall_time_sec,transpile_time_sec,qpu_seconds,gamma_beta,note
n4_k2_d0.25_seed1,4,2,0.25,1,CPLEX_EXACT,,,,,,0101,2,0.6045127555620127,0.6045127555620127,0.0,1.0,0.46254310000222176,,,,ok
n4_k2_d0.25_seed1,4,2,0.25,1,SA,,100.0,200.0,,,0101,2,0.6045127555620144,0.6045127555620127,2.9384935604026747e-15,0.195,0.003991500001575332,,,,ok
n4_k2_d0.25_seed1,4,2,0.25,1,SA,,1000.0,200.0,,,0101,2,0.6045127555620144,0.6045127555620127,2.9384935604026747e-15,0.205,0.011969799998041708,,,,ok
n4_k2_d0.25_seed1,4,2,0.25,1,SA,,5000.0,200.0,,,0101,2,0.6045127555620144,0.6045127555620127,2.9384935604026747e-15,0.26,0.058155999999144115,,,,ok
n4_k2_d0.25_seed1,4,2,0.25,1,SQA,,100.0,200.0,,,0101,2,0.6045127555620144,0.6045127555620127,2.9384935604026747e-15,0.175,0.028545799999847077,,,,ok
n4_k2_d0.25_seed1,4,2,0.25,1,SQA,,1000.0,200.0,,,0101,2,0.6045127555620144,0.6045127555620127,2.9384935604026747e-15,0.175,0.29562089999672025,,,,ok
n4_k2_d0.25_seed1,4,2,0.25,1,SQA,,5000.0,200.0,,,0101,2,0.6045127555620144,0.6045127555620127,2.9384935604026747e-15,0.265,1.9609822000056738,,,,ok
n4_k2_d0.25_seed1,4,2,0.25,1,QAOA_STATEVECTOR,1.0,,,none,60.0,0101,2,0.6045127555620127,0.6045127555620127,0.0,0.056810590747706634,0.19191649999993388,,,"{""gammas"": [2.1304147882110867], ""betas"": [1.3977016968206846]}",optimizer_fun=9.518769
n4_k2_d0.25_seed1,4,2,0.25,1,QAOA_STATEVECTOR,2.0,,,none,60.0,0101,2,0.6045127555620127,0.6045127555620127,0.0,0.1045848758696146,0.3059549999961746,,,"{""gammas"": [1.6466794604933546, 2.881255749728702], ""betas"": [0.2761787726128611, 1.9580598924200707]}",optimizer_fun=4.277786
n4_k2_d0.25_seed1,4,2,0.25,1,QAOA_SHOT_SIM,1.0,,,1024,60.0,0101,2,0.6045127555620127,0.6045127555620127,0.0,0.05859375,0.3401542999999947,,,"{""gammas"": [2.1304147882110867], ""betas"": [1.3977016968206846]}",ok
n4_k2_d0.25_seed1,4,2,0.25,1,QAOA_SHOT_SIM,2.0,,,1024,60.0,0101,2,0.6045127555620127,0.6045127555620127,0.0,0.0908203125,0.19788230000267504,,,"{""gammas"": [1.6466794604933546, 2.881255749728702], ""betas"": [0.2761787726128611, 1.9580598924200707]}",ok
n4_k2_d0.25_seed2,4,2,0.25,2,CPLEX_EXACT,,,,,,0110,2,0.30185441825729953,0.30185441825729953,0.0,1.0,0.16672059999837074,,,,ok
n4_k2_d0.25_seed2,4,2,0.25,2,SA,,100.0,200.0,,,0110,2,0.30185441825729775,0.30185441825729953,-5.88481311506294e-15,0.19,0.0027083000022685155,,,,ok
n4_k2_d0.25_seed2,4,2,0.25,2,SA,,1000.0,200.0,,,0110,2,0.30185441825729775,0.30185441825729953,-5.88481311506294e-15,0.21,0.014091400000324938,,,,ok
n4_k2_d0.25_seed2,4,2,0.25,2,SA,,5000.0,200.0,,,0110,2,0.30185441825729775,0.30185441825729953,-5.88481311506294e-15,0.24,0.0696888999955263,,,,ok
n4_k2_d0.25_seed2,4,2,0.25,2,SQA,,100.0,200.0,,,0110,2,0.30185441825729775,0.30185441825729953,-5.88481311506294e-15,0.165,0.03541799999948125,,,,ok
n4_k2_d0.25_seed2,4,2,0.25,2,SQA,,1000.0,200.0,,,0110,2,0.30185441825729775,0.30185441825729953,-5.88481311506294e-15,0.225,0.3645094000021345,,,,ok
n4_k2_d0.25_seed2,4,2,0.25,2,SQA,,5000.0,200.0,,,0110,2,0.30185441825729775,0.30185441825729953,-5.88481311506294e-15,0.215,1.8390571999989334,,,,ok
n4_k2_d0.25_seed2,4,2,0.25,2,QAOA_STATEVECTOR,1.0,,,none,60.0,0110,2,0.30185441825729953,0.30185441825729953,0.0,0.13466190802035982,0.09878030000254512,,,"{""gammas"": [0.6780617839163939], ""betas"": [1.2927562756886946]}",optimizer_fun=4.136732
n4_k2_d0.25_seed2,4,2,0.25,2,QAOA_STATEVECTOR,2.0,,,none,60.0,0110,2,0.30185441825729953,0.30185441825729953,0.0,0.13897515967611365,0.2558134999999311,,,"{""gammas"": [1.304924888551861, 0.9686204456135203], ""betas"": [1.3156169097804087, 0.04930456601613477]}",optimizer_fun=4.622627
n4_k2_d0.25_seed2,4,2,0.25,2,QAOA_SHOT_SIM,1.0,,,1024,60.0,0110,2,0.30185441825729953,0.30185441825729953,0.0,0.1318359375,0.13223509999806993,,,"{""gammas"": [0.6780617839163939], ""betas"": [1.2927562756886946]}",ok
n4_k2_d0.25_seed2,4,2,0.25,2,QAOA_SHOT_SIM,2.0,,,1024,60.0,0110,2,0.30185441825729953,0.30185441825729953,0.0,0.1455078125,0.18512409999675583,,,"{""gammas"": [1.304924888551861, 0.9686204456135203], ""betas"": [1.3156169097804087, 0.04930456601613477]}",ok
n4_k2_d0.25_seed3,4,2,0.25,3,CPLEX_EXACT,,,,,,0011,2,0.06135413687392344,0.06135413687392344,0.0,1.0,0.2080400999984704,,,,ok
n4_k2_d0.25_seed3,4,2,0.25,3,SA,,100.0,200.0,,,0011,2,0.06135413687392344,0.06135413687392344,0.0,0.225,0.002997800002049189,,,,ok
n4_k2_d0.25_seed3,4,2,0.25,3,SA,,1000.0,200.0,,,0011,2,0.06135413687392344,0.06135413687392344,0.0,0.235,0.012101799999072682,,,,ok
n4_k2_d0.25_seed3,4,2,0.25,3,SA,,5000.0,200.0,,,0011,2,0.06135413687392344,0.06135413687392344,0.0,0.25,0.04856770000333199,,,,ok
n4_k2_d0.25_seed3,4,2,0.25,3,SQA,,100.0,200.0,,,0011,2,0.06135413687392344,0.06135413687392344,0.0,0.23,0.02873399999953108,,,,ok
n4_k2_d0.25_seed3,4,2,0.25,3,SQA,,1000.0,200.0,,,0011,2,0.06135413687392344,0.06135413687392344,0.0,0.2,0.2983232000042335,,,,ok
n4_k2_d0.25_seed3,4,2,0.25,3,SQA,,5000.0,200.0,,,0011,2,0.06135413687392344,0.06135413687392344,0.0,0.19,1.470339999999851,,,,ok
n4_k2_d0.25_seed3,4,2,0.25,3,QAOA_STATEVECTOR,1.0,,,none,60.0,0011,2,0.06135413687392344,0.06135413687392344,0.0,0.14620199891616503,0.19816709999577142,,,"{""gammas"": [1.2892321921570562], ""betas"": [1.0915036612628355]}",optimizer_fun=6.574874
n4_k2_d0.25_seed3,4,2,0.25,3,QAOA_STATEVECTOR,2.0,,,none,60.0,0011,2,0.06135413687392344,0.06135413687392344,0.0,0.059148275635462134,0.2679481000013766,,,"{""gammas"": [0.23337115192267213, 1.28514715204244], ""betas"": [1.7895081382197264, 0.9443327086165446]}",optimizer_fun=5.622038
n4_k2_d0.25_seed3,4,2,0.25,3,QAOA_SHOT_SIM,1.0,,,1024,60.0,0011,2,0.06135413687392344,0.06135413687392344,0.0,0.14453125,0.13550260000192793,,,"{""gammas"": [1.2892321921570562], ""betas"": [1.0915036612628355]}",ok
n4_k2_d0.25_seed3,4,2,0.25,3,QAOA_SHOT_SIM,2.0,,,1024,60.0,0011,2,0.06135413687392344,0.06135413687392344,0.0,0.0595703125,0.1752515999978641,,,"{""gammas"": [0.23337115192267213, 1.28514715204244], ""betas"": [1.7895081382197264, 0.9443327086165446]}",ok
n4_k2_d0.25_seed4,4,2,0.25,4,CPLEX_EXACT,,,,,,1100,2,0.9225539945480108,0.9225539945480108,0.0,1.0,0.2060042999946745,,,,ok
n4_k2_d0.25_seed4,4,2,0.25,4,SA,,100.0,200.0,,,1100,2,0.9225539945480126,0.9225539945480108,1.9254773703197127e-15,0.21,0.002681899997696746,,,,ok
n4_k2_d0.25_seed4,4,2,0.25,4,SA,,1000.0,200.0,,,1100,2,0.9225539945480126,0.9225539945480108,1.9254773703197127e-15,0.21,0.014471399998001289,,,,ok
n4_k2_d0.25_seed4,4,2,0.25,4,SA,,5000.0,200.0,,,1100,2,0.9225539945480126,0.9225539945480108,1.9254773703197127e-15,0.27,0.06343990000459598,,,,ok
n4_k2_d0.25_seed4,4,2,0.25,4,SQA,,100.0,200.0,,,1100,2,0.9225539945480126,0.9225539945480108,1.9254773703197127e-15,0.19,0.02886220000073081,,,,ok
n4_k2_d0.25_seed4,4,2,0.25,4,SQA,,1000.0,200.0,,,1100,2,0.9225539945480126,0.9225539945480108,1.9254773703197127e-15,0.185,0.31838799999968614,,,,ok
n4_k2_d0.25_seed4,4,2,0.25,4,SQA,,5000.0,200.0,,,1100,2,0.9225539945480126,0.9225539945480108,1.9254773703197127e-15,0.23,1.5306277999989106,,,,ok
n4_k2_d0.25_seed4,4,2,0.25,4,QAOA_STATEVECTOR,1.0,,,none,60.0,1100,2,0.9225539945480108,0.9225539945480108,0.0,0.08870939363130681,0.14681949999794597,,,"{""gammas"": [3.458919274091508], ""betas"": [1.2623680730376978]}",optimizer_fun=8.487893
n4_k2_d0.25_seed4,4,2,0.25,4,QAOA_STATEVECTOR,2.0,,,none,60.0,1100,2,0.9225539945480108,0.9225539945480108,0.0,0.05266630034919654,0.2508774999951129,,,"{""gammas"": [3.023406721313337, 1.3686750433061996], ""betas"": [1.3708511585306575, 0.17233020870239657]}",optimizer_fun=7.562165
n4_k2_d0.25_seed4,4,2,0.25,4,QAOA_SHOT_SIM,1.0,,,1024,60.0,1100,2,0.9225539945480108,0.9225539945480108,0.0,0.0908203125,0.1354951000030269,,,"{""gammas"": [3.458919274091508], ""betas"": [1.2623680730376978]}",ok
n4_k2_d0.25_seed4,4,2,0.25,4,QAOA_SHOT_SIM,2.0,,,1024,60.0,1100,2,0.9225539945480108,0.9225539945480108,0.0,0.0546875,0.16750689999753376,,,"{""gammas"": [3.023406721313337, 1.3686750433061996], ""betas"": [1.3708511585306575, 0.17233020870239657]}",ok
n4_k2_d0.25_seed5,4,2,0.25,5,CPLEX_EXACT,,,,,,1001,2,0.4660571390066224,0.4660571390066224,0.0,1.0,0.20207310000114376,,,,ok
n4_k2_d0.25_seed5,4,2,0.25,5,SA,,100.0,200.0,,,1001,2,0.46605713900662415,0.4660571390066224,3.811457202836688e-15,0.21,0.00269059999845922,,,,ok
n4_k2_d0.25_seed5,4,2,0.25,5,SA,,1000.0,200.0,,,1001,2,0.46605713900662415,0.4660571390066224,3.811457202836688e-15,0.195,0.017830999997386243,,,,ok
n4_k2_d0.25_seed5,4,2,0.25,5,SA,,5000.0,200.0,,,1001,2,0.46605713900662415,0.4660571390066224,3.811457202836688e-15,0.24,0.06278259999817237,,,,ok
n4_k2_d0.25_seed5,4,2,0.25,5,SQA,,100.0,200.0,,,1001,2,0.46605713900662415,0.4660571390066224,3.811457202836688e-15,0.235,0.045763599999190774,,,,ok
n4_k2_d0.25_seed5,4,2,0.25,5,SQA,,1000.0,200.0,,,1001,2,0.46605713900662415,0.4660571390066224,3.811457202836688e-15,0.275,0.3470216999994591,,,,ok
n4_k2_d0.25_seed5,4,2,0.25,5,SQA,,5000.0,200.0,,,1001,2,0.46605713900662415,0.4660571390066224,3.811457202836688e-15,0.25,1.7134288000015658,,,,ok
n4_k2_d0.25_seed5,4,2,0.25,5,QAOA_STATEVECTOR,1.0,,,none,60.0,1001,2,0.4660571390066224,0.4660571390066224,0.0,0.03106884280062755,0.21287060000031488,,,"{""gammas"": [2.488368161680017], ""betas"": [1.8540595486477718]}",optimizer_fun=6.741564
n4_k2_d0.25_seed5,4,2,0.25,5,QAOA_STATEVECTOR,2.0,,,none,60.0,1001,2,0.4660571390066224,0.4660571390066224,0.0,0.13040206282485972,0.25487599999905797,,,"{""gammas"": [3.7332524907540723, 3.3705040671336444], ""betas"": [1.418839724302192, 0.45577532784941327]}",optimizer_fun=8.065016
n4_k2_d0.25_seed5,4,2,0.25,5,QAOA_SHOT_SIM,1.0,,,1024,60.0,1001,2,0.4660571390066224,0.4660571390066224,0.0,0.0361328125,0.14353169999958482,,,"{""gammas"": [2.488368161680017], ""betas"": [1.8540595486477718]}",ok
n4_k2_d0.25_seed5,4,2,0.25,5,QAOA_SHOT_SIM,2.0,,,1024,60.0,1001,2,0.4660571390066224,0.4660571390066224,0.0,0.1416015625,0.17780159999529133,,,"{""gammas"": [3.7332524907540723, 3.3705040671336444], ""betas"": [1.418839724302192, 0.45577532784941327]}",ok
n4_k2_d0.5_seed1,4,2,0.5,1,CPLEX_EXACT,,,,,,0101,2,0.6045127555620127,0.6045127555620127,0.0,1.0,0.17617790000076639,,,,ok
n4_k2_d0.5_seed1,4,2,0.5,1,SA,,100.0,200.0,,,0101,2,0.6045127555620144,0.6045127555620127,2.9384935604026747e-15,0.2,0.0025361000007251278,,,,ok
n4_k2_d0.5_seed1,4,2,0.5,1,SA,,1000.0,200.0,,,0101,2,0.6045127555620144,0.6045127555620127,2.9384935604026747e-15,0.195,0.011962999997194856,,,,ok
n4_k2_d0.5_seed1,4,2,0.5,1,SA,,5000.0,200.0,,,0101,2,0.6045127555620144,0.6045127555620127,2.9384935604026747e-15,0.195,0.05781149999529589,,,,ok
n4_k2_d0.5_seed1,4,2,0.5,1,SQA,,100.0,200.0,,,0101,2,0.6045127555620144,0.6045127555620127,2.9384935604026747e-15,0.165,0.029786800005240366,,,,ok
n4_k2_d0.5_seed1,4,2,0.5,1,SQA,,1000.0,200.0,,,0101,2,0.6045127555620144,0.6045127555620127,2.9384935604026747e-15,0.15,0.3036026999980095,,,,ok
n4_k2_d0.5_seed1,4,2,0.5,1,SQA,,5000.0,200.0,,,0101,2,0.6045127555620144,0.6045127555620127,2.9384935604026747e-15,0.195,1.621869599999627,,,,ok
n4_k2_d0.5_seed1,4,2,0.5,1,QAOA_STATEVECTOR,1.0,,,none,60.0,0101,2,0.6045127555620127,0.6045127555620127,0.0,0.05739621924438931,0.12418269999761833,,,"{""gammas"": [2.129784781216547], ""betas"": [1.4095565012081253]}",optimizer_fun=9.670216
n4_k2_d0.5_seed1,4,2,0.5,1,QAOA_STATEVECTOR,2.0,,,none,60.0,0101,2,0.6045127555620127,0.6045127555620127,0.0,0.06905457544686837,0.24291269999957876,,,"{""gammas"": [1.6472876649216894, 2.8784351948077957], ""betas"": [0.2680488948559838, 1.9826518125519859]}",optimizer_fun=4.941146
n4_k2_d0.5_seed1,4,2,0.5,1,QAOA_SHOT_SIM,1.0,,,1024,60.0,0101,2,0.6045127555620127,0.6045127555620127,0.0,0.0673828125,0.12926889999653213,,,"{""gammas"": [2.129784781216547], ""betas"": [1.4095565012081253]}",ok
n4_k2_d0.5_seed1,4,2,0.5,1,QAOA_SHOT_SIM,2.0,,,1024,60.0,0101,2,0.6045127555620127,0.6045127555620127,0.0,0.0693359375,0.17976240000280086,,,"{""gammas"": [1.6472876649216894, 2.8784351948077957], ""betas"": [0.2680488948559838, 1.9826518125519859]}",ok
n4_k2_d0.5_seed2,4,2,0.5,2,CPLEX_EXACT,,,,,,0110,2,0.37828210007295837,0.37828210007295837,0.0,1.0,0.23849499999778345,,,,ok
n4_k2_d0.5_seed2,4,2,0.5,2,SA,,100.0,200.0,,,0110,2,0.3782821000729566,0.37828210007295837,-4.695852219964013e-15,0.2,0.0026846999971894547,,,,ok
n4_k2_d0.5_seed2,4,2,0.5,2,SA,,1000.0,200.0,,,0110,2,0.3782821000729566,0.37828210007295837,-4.695852219964013e-15,0.235,0.012326699994446244,,,,ok
n4_k2_d0.5_seed2,4,2,0.5,2,SA,,5000.0,200.0,,,0110,2,0.3782821000729566,0.37828210007295837,-4.695852219964013e-15,0.165,0.05227800000284333,,,,ok
n4_k2_d0.5_seed2,4,2,0.5,2,SQA,,100.0,200.0,,,0110,2,0.3782821000729566,0.37828210007295837,-4.695852219964013e-15,0.19,0.02873179999733111,,,,ok
n4_k2_d0.5_seed2,4,2,0.5,2,SQA,,1000.0,200.0,,,0110,2,0.3782821000729566,0.37828210007295837,-4.695852219964013e-15,0.215,0.2975774000005913,,,,ok
n4_k2_d0.5_seed2,4,2,0.5,2,SQA,,5000.0,200.0,,,0110,2,0.3782821000729566,0.37828210007295837,-4.695852219964013e-15,0.22,1.4414920000053826,,,,ok
n4_k2_d0.5_seed2,4,2,0.5,2,QAOA_STATEVECTOR,1.0,,,none,60.0,0110,2,0.37828210007295837,0.37828210007295837,0.0,0.1282142940456608,0.19118080000043847,,,"{""gammas"": [0.6677412610446368], ""betas"": [1.1836820343319798]}",optimizer_fun=5.300964
n4_k2_d0.5_seed2,4,2,0.5,2,QAOA_STATEVECTOR,2.0,,,none,60.0,0110,2,0.37828210007295837,0.37828210007295837,0.0,0.15081703042337374,0.2598029000000679,,,"{""gammas"": [1.2991595885272167, 0.9900333904808447], ""betas"": [1.3371322894780402, 0.09033155121499925]}",optimizer_fun=4.436707
n4_k2_d0.5_seed2,4,2,0.5,2,QAOA_SHOT_SIM,1.0,,,1024,60.0,0110,2,0.37828210007295837,0.37828210007295837,0.0,0.130859375,0.1302369000040926,,,"{""gammas"": [0.6677412610446368], ""betas"": [1.1836820343319798]}",ok
n4_k2_d0.5_seed2,4,2,0.5,2,QAOA_SHOT_SIM,2.0,,,1024,60.0,0110,2,0.37828210007295837,0.37828210007295837,0.0,0.15625,0.17064539999410044,,,"{""gammas"": [1.2991595885272167, 0.9900333904808447], ""betas"": [1.3371322894780402, 0.09033155121499925]}",ok
n4_k2_d0.5_seed3,4,2,0.5,3,CPLEX_EXACT,,,,,,1001,2,-0.02890380443953333,-0.02890380443953333,0.0,1.0,0.18010839999624295,,,,ok
n4_k2_d0.5_seed3,4,2,0.5,3,SA,,100.0,200.0,,,1001,2,-0.028903804439531555,-0.02890380443953333,6.145754421762655e-14,0.19,0.0022500999984913506,,,,ok
n4_k2_d0.5_seed3,4,2,0.5,3,SA,,1000.0,200.0,,,1001,2,-0.028903804439531555,-0.02890380443953333,6.145754421762655e-14,0.2,0.00963190000038594,,,,ok
n4_k2_d0.5_seed3,4,2,0.5,3,SA,,5000.0,200.0,,,1001,2,-0.028903804439531555,-0.02890380443953333,6.145754421762655e-14,0.185,0.04443870000250172,,,,ok
n4_k2_d0.5_seed3,4,2,0.5,3,SQA,,100.0,200.0,,,1001,2,-0.028903804439531555,-0.02890380443953333,6.145754421762655e-14,0.17,0.03106600000319304,,,,ok
n4_k2_d0.5_seed3,4,2,0.5,3,SQA,,1000.0,200.0,,,1001,2,-0.028903804439531555,-0.02890380443953333,6.145754421762655e-14,0.23,0.2919564999974682,,,,ok
n4_k2_d0.5_seed3,4,2,0.5,3,SQA,,5000.0,200.0,,,1001,2,-0.028903804439531555,-0.02890380443953333,6.145754421762655e-14,0.26,1.5330976999975974,,,,ok
n4_k2_d0.5_seed3,4,2,0.5,3,QAOA_STATEVECTOR,1.0,,,none,60.0,1001,2,-0.02890380443953333,-0.02890380443953333,0.0,0.18115044298667682,0.21016119999694638,,,"{""gammas"": [1.2948558618523485], ""betas"": [1.01507600163222]}",optimizer_fun=6.752127
n4_k2_d0.5_seed3,4,2,0.5,3,QAOA_STATEVECTOR,2.0,,,none,60.0,1001,2,-0.02890380443953333,-0.02890380443953333,0.0,0.16845441535578448,0.28366230000392534,,,"{""gammas"": [-0.040969732390373534, 1.2839956026121702], ""betas"": [2.0542973979918706, 1.370567731065023]}",optimizer_fun=3.310773
n4_k2_d0.5_seed3,4,2,0.5,3,QAOA_SHOT_SIM,1.0,,,1024,60.0,1001,2,-0.02890380443953333,-0.02890380443953333,0.0,0.177734375,0.1371445999975549,,,"{""gammas"": [1.2948558618523485], ""betas"": [1.01507600163222]}",ok
n4_k2_d0.5_seed3,4,2,0.5,3,QAOA_SHOT_SIM,2.0,,,1024,60.0,1001,2,-0.02890380443953333,-0.02890380443953333,0.0,0.1689453125,0.21225679999770364,,,"{""gammas"": [-0.040969732390373534, 1.2839956026121702], ""betas"": [2.0542973979918706, 1.370567731065023]}",ok
n4_k2_d0.5_seed4,4,2,0.5,4,CPLEX_EXACT,,,,,,1100,2,0.9225539945480108,0.9225539945480108,0.0,1.0,0.12828949999675388,,,,ok
n4_k2_d0.5_seed4,4,2,0.5,4,SA,,100.0,200.0,,,1100,2,0.9225539945480126,0.9225539945480108,1.9254773703197127e-15,0.185,0.0025788000057218596,,,,ok
n4_k2_d0.5_seed4,4,2,0.5,4,SA,,1000.0,200.0,,,1100,2,0.9225539945480126,0.9225539945480108,1.9254773703197127e-15,0.19,0.013044500003161374,,,,ok
n4_k2_d0.5_seed4,4,2,0.5,4,SA,,5000.0,200.0,,,1100,2,0.9225539945480126,0.9225539945480108,1.9254773703197127e-15,0.21,0.06085510000411887,,,,ok
n4_k2_d0.5_seed4,4,2,0.5,4,SQA,,100.0,200.0,,,1100,2,0.9225539945480126,0.9225539945480108,1.9254773703197127e-15,0.155,0.03450190000148723,,,,ok
n4_k2_d0.5_seed4,4,2,0.5,4,SQA,,1000.0,200.0,,,1100,2,0.9225539945480126,0.9225539945480108,1.9254773703197127e-15,0.185,0.34028059999400284,,,,ok
n4_k2_d0.5_seed4,4,2,0.5,4,SQA,,5000.0,200.0,,,1100,2,0.9225539945480126,0.9225539945480108,1.9254773703197127e-15,0.225,1.530446500000835,,,,ok
n4_k2_d0.5_seed4,4,2,0.5,4,QAOA_STATEVECTOR,1.0,,,none,60.0,1100,2,0.9225539945480108,0.9225539945480108,0.0,0.0058528967642551884,0.06885399999737274,,,"{""gammas"": [2.724185920573233], ""betas"": [0.3853997544041566]}",optimizer_fun=8.769628
n4_k2_d0.5_seed4,4,2,0.5,4,QAOA_STATEVECTOR,2.0,,,none,60.0,1100,2,0.9225539945480108,0.9225539945480108,0.0,0.09253351288586881,0.24986429999989923,,,"{""gammas"": [2.9507053189846975, 1.5410214331579524], ""betas"": [2.091914345117124, 0.2025614829105715]}",optimizer_fun=6.990249
n4_k2_d0.5_seed4,4,2,0.5,4,QAOA_SHOT_SIM,1.0,,,1024,60.0,1100,2,0.9225539945480108,0.9225539945480108,0.0,0.005859375,0.1410531000001356,,,"{""gammas"": [2.724185920573233], ""betas"": [0.3853997544041566]}",ok
n4_k2_d0.5_seed4,4,2,0.5,4,QAOA_SHOT_SIM,2.0,,,1024,60.0,1100,2,0.9225539945480108,0.9225539945480108,0.0,0.087890625,0.21212370000284864,,,"{""gammas"": [2.9507053189846975, 1.5410214331579524], ""betas"": [2.091914345117124, 0.2025614829105715]}",ok
n4_k2_d0.5_seed5,4,2,0.5,5,CPLEX_EXACT,,,,,,1001,2,0.4660571390066224,0.4660571390066224,0.0,1.0,0.26171729999623494,,,,ok
n4_k2_d0.5_seed5,4,2,0.5,5,SA,,100.0,200.0,,,1001,2,0.4660571390066277,0.4660571390066224,1.1434371608510064e-14,0.205,0.003228800000215415,,,,ok
n4_k2_d0.5_seed5,4,2,0.5,5,SA,,1000.0,200.0,,,1001,2,0.4660571390066277,0.4660571390066224,1.1434371608510064e-14,0.23,0.012224899997818284,,,,ok
n4_k2_d0.5_seed5,4,2,0.5,5,SA,,5000.0,200.0,,,1001,2,0.4660571390066277,0.4660571390066224,1.1434371608510064e-14,0.25,0.05801709999650484,,,,ok
n4_k2_d0.5_seed5,4,2,0.5,5,SQA,,100.0,200.0,,,1001,2,0.4660571390066277,0.4660571390066224,1.1434371608510064e-14,0.245,0.03497130000323523,,,,ok
n4_k2_d0.5_seed5,4,2,0.5,5,SQA,,1000.0,200.0,,,1001,2,0.4660571390066277,0.4660571390066224,1.1434371608510064e-14,0.195,0.3149684999953024,,,,ok
n4_k2_d0.5_seed5,4,2,0.5,5,SQA,,5000.0,200.0,,,1001,2,0.4660571390066277,0.4660571390066224,1.1434371608510064e-14,0.31,1.5544156999967527,,,,ok
n4_k2_d0.5_seed5,4,2,0.5,5,QAOA_STATEVECTOR,1.0,,,none,60.0,1001,2,0.4660571390066224,0.4660571390066224,0.0,0.08401873282938598,0.259296500000346,,,"{""gammas"": [2.2635413300649843], ""betas"": [1.9813622828775033]}",optimizer_fun=7.800894
n4_k2_d0.5_seed5,4,2,0.5,5,QAOA_STATEVECTOR,2.0,,,none,60.0,1001,2,0.4660571390066224,0.4660571390066224,0.0,0.195526453625146,0.1636627000043518,,,"{""gammas"": [3.3825697231268532, 3.401809025186493], ""betas"": [1.548528255860601, 0.9609832632328071]}",optimizer_fun=6.322120
n4_k2_d0.5_seed5,4,2,0.5,5,QAOA_SHOT_SIM,1.0,,,1024,60.0,1001,2,0.4660571390066224,0.4660571390066224,0.0,0.0888671875,0.18804609999642707,,,"{""gammas"": [2.2635413300649843], ""betas"": [1.9813622828775033]}",ok
n4_k2_d0.5_seed5,4,2,0.5,5,QAOA_SHOT_SIM,2.0,,,1024,60.0,1001,2,0.4660571390066224,0.4660571390066224,0.0,0.185546875,0.1842331000007107,,,"{""gammas"": [3.3825697231268532, 3.401809025186493], ""betas"": [1.548528255860601, 0.9609832632328071]}",ok
n4_k2_d1.0_seed1,4,2,1.0,1,CPLEX_EXACT,,,,,,0101,2,0.3195493240339893,0.3195493240339893,0.0,1.0,0.15780139999696985,,,,ok
n4_k2_d1.0_seed1,4,2,1.0,1,SA,,100.0,200.0,,,0101,2,0.3195493240339875,0.3195493240339893,-5.558944130989011e-15,0.185,0.003502199993818067,,,,ok
n4_k2_d1.0_seed1,4,2,1.0,1,SA,,1000.0,200.0,,,0101,2,0.3195493240339875,0.3195493240339893,-5.558944130989011e-15,0.275,0.014564999997674022,,,,ok
n4_k2_d1.0_seed1,4,2,1.0,1,SA,,5000.0,200.0,,,0101,2,0.3195493240339875,0.3195493240339893,-5.558944130989011e-15,0.305,0.06902040000568377,,,,ok
n4_k2_d1.0_seed1,4,2,1.0,1,SQA,,100.0,200.0,,,0101,2,0.3195493240339875,0.3195493240339893,-5.558944130989011e-15,0.23,0.02996059999713907,,,,ok
n4_k2_d1.0_seed1,4,2,1.0,1,SQA,,1000.0,200.0,,,0101,2,0.3195493240339875,0.3195493240339893,-5.558944130989011e-15,0.28,0.3700777999983984,,,,ok
n4_k2_d1.0_seed1,4,2,1.0,1,SQA,,5000.0,200.0,,,0101,2,0.3195493240339875,0.3195493240339893,-5.558944130989011e-15,0.25,1.9663121000048704,,,,ok
n4_k2_d1.0_seed1,4,2,1.0,1,QAOA_STATEVECTOR,1.0,,,none,60.0,0101,2,0.3195493240339893,0.3195493240339893,0.0,0.06644799592694565,0.09696550000080606,,,"{""gammas"": [2.162383679896301], ""betas"": [1.5173257059615362]}",optimizer_fun=11.167003
n4_k2_d1.0_seed1,4,2,1.0,1,QAOA_STATEVECTOR,2.0,,,none,60.0,0101,2,0.3195493240339893,0.3195493240339893,0.0,0.09418303703084478,0.29249060000438476,,,"{""gammas"": [1.6236789938912806, 2.9292076737183925], ""betas"": [0.1673174474645089, 1.4475058407730534]}",optimizer_fun=8.922847
n4_k2_d1.0_seed1,4,2,1.0,1,QAOA_SHOT_SIM,1.0,,,1024,60.0,0101,2,0.3195493240339893,0.3195493240339893,0.0,0.0625,0.1975287000022945,,,"{""gammas"": [2.162383679896301], ""betas"": [1.5173257059615362]}",ok
n4_k2_d1.0_seed1,4,2,1.0,1,QAOA_SHOT_SIM,2.0,,,1024,60.0,0101,2,0.3195493240339893,0.3195493240339893,0.0,0.0927734375,0.19111830000474583,,,"{""gammas"": [1.6236789938912806, 2.9292076737183925], ""betas"": [0.1673174474645089, 1.4475058407730534]}",ok
n4_k2_d1.0_seed2,4,2,1.0,2,CPLEX_EXACT,,,,,,1010,2,0.3365058375384109,0.3365058375384109,0.0,1.0,0.1243864999996731,,,,ok
n4_k2_d1.0_seed2,4,2,1.0,2,SA,,100.0,200.0,,,1010,2,0.3365058375384109,0.3365058375384109,0.0,0.245,0.002869199997803662,,,,ok
n4_k2_d1.0_seed2,4,2,1.0,2,SA,,1000.0,200.0,,,1010,2,0.3365058375384109,0.3365058375384109,0.0,0.225,0.013554500001191627,,,,ok
n4_k2_d1.0_seed2,4,2,1.0,2,SA,,5000.0,200.0,,,1010,2,0.3365058375384109,0.3365058375384109,0.0,0.21,0.05092520000471268,,,,ok
n4_k2_d1.0_seed2,4,2,1.0,2,SQA,,100.0,200.0,,,1010,2,0.3365058375384109,0.3365058375384109,0.0,0.195,0.034841400003642775,,,,ok
n4_k2_d1.0_seed2,4,2,1.0,2,SQA,,1000.0,200.0,,,1010,2,0.3365058375384109,0.3365058375384109,0.0,0.215,0.35764539999945555,,,,ok
n4_k2_d1.0_seed2,4,2,1.0,2,SQA,,5000.0,200.0,,,1010,2,0.3365058375384109,0.3365058375384109,0.0,0.235,1.8561475000024075,,,,ok
n4_k2_d1.0_seed2,4,2,1.0,2,QAOA_STATEVECTOR,1.0,,,none,60.0,1010,2,0.3365058375384109,0.3365058375384109,0.0,0.1414334996948765,0.09720689999812748,,,"{""gammas"": [0.6775896973235274], ""betas"": [1.2606901474933376]}",optimizer_fun=4.231826
n4_k2_d1.0_seed2,4,2,1.0,2,QAOA_STATEVECTOR,2.0,,,none,60.0,1010,2,0.3365058375384109,0.3365058375384109,0.0,0.15985449250472217,0.2516812000030768,,,"{""gammas"": [1.2958905342570544, 0.9782709358920909], ""betas"": [1.3809163143821321, 0.12503961664402066]}",optimizer_fun=5.204371
n4_k2_d1.0_seed2,4,2,1.0,2,QAOA_SHOT_SIM,1.0,,,1024,60.0,1010,2,0.3365058375384109,0.3365058375384109,0.0,0.1484375,0.12897740000335034,,,"{""gammas"": [0.6775896973235274], ""betas"": [1.2606901474933376]}",ok
n4_k2_d1.0_seed2,4,2,1.0,2,QAOA_SHOT_SIM,2.0,,,1024,60.0,1010,2,0.3365058375384109,0.3365058375384109,0.0,0.15234375,0.15848699999332894,,,"{""gammas"": [1.2958905342570544, 0.9782709358920909], ""betas"": [1.3809163143821321, 0.12503961664402066]}",ok
n4_k2_d1.0_seed3,4,2,1.0,3,CPLEX_EXACT,,,,,,1001,2,-0.14648034954432987,-0.14648034954432987,0.0,1.0,0.24510190000000875,,,,ok
n4_k2_d1.0_seed3,4,2,1.0,3,SA,,100.0,200.0,,,1001,2,-0.1464803495443281,-0.14648034954432987,1.2126929277040435e-14,0.175,0.0021365000065998174,,,,ok
n4_k2_d1.0_seed3,4,2,1.0,3,SA,,1000.0,200.0,,,1001,2,-0.1464803495443281,-0.14648034954432987,1.2126929277040435e-14,0.265,0.009346800005005207,,,,ok
n4_k2_d1.0_seed3,4,2,1.0,3,SA,,5000.0,200.0,,,1001,2,-0.1464803495443281,-0.14648034954432987,1.2126929277040435e-14,0.21,0.04212610000104178,,,,ok
n4_k2_d1.0_seed3,4,2,1.0,3,SQA,,100.0,200.0,,,1001,2,-0.1464803495443281,-0.14648034954432987,1.2126929277040435e-14,0.18,0.02850919999764301,,,,ok
n4_k2_d1.0_seed3,4,2,1.0,3,SQA,,1000.0,200.0,,,1001,2,-0.1464803495443281,-0.14648034954432987,1.2126929277040435e-14,0.235,0.2936270999998669,,,,ok
n4_k2_d1.0_seed3,4,2,1.0,3,SQA,,5000.0,200.0,,,1001,2,-0.1464803495443281,-0.14648034954432987,1.2126929277040435e-14,0.22,1.4856090000030235,,,,ok
n4_k2_d1.0_seed3,4,2,1.0,3,QAOA_STATEVECTOR,1.0,,,none,60.0,1001,2,-0.14648034954432987,-0.14648034954432987,0.0,0.1999716088986663,0.18830679999518907,,,"{""gammas"": [1.28590101236441], ""betas"": [0.9778792931493929]}",optimizer_fun=6.760192
n4_k2_d1.0_seed3,4,2,1.0,3,QAOA_STATEVECTOR,2.0,,,none,60.0,1001,2,-0.14648034954432987,-0.14648034954432987,0.0,0.10930848386418686,0.25466279999818653,,,"{""gammas"": [-0.10930722575057984, 1.3102878129311835], ""betas"": [2.158292421449494, 1.101285204825142]}",optimizer_fun=2.664788
n4_k2_d1.0_seed3,4,2,1.0,3,QAOA_SHOT_SIM,1.0,,,1024,60.0,1001,2,-0.14648034954432987,-0.14648034954432987,0.0,0.2060546875,0.13060469999618363,,,"{""gammas"": [1.28590101236441], ""betas"": [0.9778792931493929]}",ok
n4_k2_d1.0_seed3,4,2,1.0,3,QAOA_SHOT_SIM,2.0,,,1024,60.0,1001,2,-0.14648034954432987,-0.14648034954432987,0.0,0.095703125,0.18871039999794448,,,"{""gammas"": [-0.10930722575057984, 1.3102878129311835], ""betas"": [2.158292421449494, 1.101285204825142]}",ok
n4_k2_d1.0_seed4,4,2,1.0,4,CPLEX_EXACT,,,,,,0011,2,1.0357598655350202,1.0357598655350202,0.0,1.0,0.2660307999976794,,,,ok
n4_k2_d1.0_seed4,4,2,1.0,4,SA,,100.0,200.0,,,0011,2,1.0357598655350202,1.0357598655350202,0.0,0.165,0.0036001999978907406,,,,ok
n4_k2_d1.0_seed4,4,2,1.0,4,SA,,1000.0,200.0,,,0011,2,1.0357598655350202,1.0357598655350202,0.0,0.175,0.019816300002275966,,,,ok
n4_k2_d1.0_seed4,4,2,1.0,4,SA,,5000.0,200.0,,,0011,2,1.0357598655350202,1.0357598655350202,0.0,0.265,0.07312610000371933,,,,ok
n4_k2_d1.0_seed4,4,2,1.0,4,SQA,,100.0,200.0,,,0011,2,1.0357598655350202,1.0357598655350202,0.0,0.22,0.028865100000984967,,,,ok
n4_k2_d1.0_seed4,4,2,1.0,4,SQA,,1000.0,200.0,,,0011,2,1.0357598655350202,1.0357598655350202,0.0,0.225,0.2936231999992742,,,,ok
n4_k2_d1.0_seed4,4,2,1.0,4,SQA,,5000.0,200.0,,,0011,2,1.0357598655350202,1.0357598655350202,0.0,0.195,1.5243216000017128,,,,ok
n4_k2_d1.0_seed4,4,2,1.0,4,QAOA_STATEVECTOR,1.0,,,none,60.0,0011,2,1.0357598655350202,1.0357598655350202,0.0,0.2022002404638187,0.20668299999670126,,,"{""gammas"": [3.465101605313932], ""betas"": [1.2125855946377528]}",optimizer_fun=9.068267
n4_k2_d1.0_seed4,4,2,1.0,4,QAOA_STATEVECTOR,2.0,,,none,60.0,0011,2,1.0357598655350202,1.0357598655350202,0.0,0.21200696194452434,0.25479379999887897,,,"{""gammas"": [3.4422469446627133, 2.1493511826784606], ""betas"": [1.5735815424440474, 0.6816283218251354]}",optimizer_fun=2.660313
n4_k2_d1.0_seed4,4,2,1.0,4,QAOA_SHOT_SIM,1.0,,,1024,60.0,0011,2,1.0357598655350202,1.0357598655350202,0.0,0.201171875,0.13460269999632146,,,"{""gammas"": [3.465101605313932], ""betas"": [1.2125855946377528]}",ok
n4_k2_d1.0_seed4,4,2,1.0,4,QAOA_SHOT_SIM,2.0,,,1024,60.0,0011,2,1.0357598655350202,1.0357598655350202,0.0,0.2197265625,0.16237009999895236,,,"{""gammas"": [3.4422469446627133, 2.1493511826784606], ""betas"": [1.5735815424440474, 0.6816283218251354]}",ok
n4_k2_d1.0_seed5,4,2,1.0,5,CPLEX_EXACT,,,,,,0101,2,0.421097355983175,0.421097355983175,0.0,1.0,0.15957429999980377,,,,ok
n4_k2_d1.0_seed5,4,2,1.0,5,SA,,100.0,200.0,,,0101,2,0.421097355983175,0.421097355983175,0.0,0.24,0.0024154999991878867,,,,ok
n4_k2_d1.0_seed5,4,2,1.0,5,SA,,1000.0,200.0,,,0101,2,0.421097355983175,0.421097355983175,0.0,0.22,0.011490400000184309,,,,ok
n4_k2_d1.0_seed5,4,2,1.0,5,SA,,5000.0,200.0,,,0101,2,0.421097355983175,0.421097355983175,0.0,0.295,0.05507539999962319,,,,ok
n4_k2_d1.0_seed5,4,2,1.0,5,SQA,,100.0,200.0,,,0101,2,0.421097355983175,0.421097355983175,0.0,0.185,0.029160600002796855,,,,ok
n4_k2_d1.0_seed5,4,2,1.0,5,SQA,,1000.0,200.0,,,0101,2,0.421097355983175,0.421097355983175,0.0,0.27,0.29537620000337483,,,,ok
n4_k2_d1.0_seed5,4,2,1.0,5,SQA,,5000.0,200.0,,,0101,2,0.421097355983175,0.421097355983175,0.0,0.255,1.4474684000015259,,,,ok
n4_k2_d1.0_seed5,4,2,1.0,5,QAOA_STATEVECTOR,1.0,,,none,60.0,0101,2,0.421097355983175,0.421097355983175,0.0,0.021741996856976097,0.11797040000237757,,,"{""gammas"": [3.0298881235450383], ""betas"": [1.349776757777327]}",optimizer_fun=9.915218
n4_k2_d1.0_seed5,4,2,1.0,5,QAOA_STATEVECTOR,2.0,,,none,60.0,0101,2,0.421097355983175,0.421097355983175,0.0,0.003967727366149618,0.23749819999648025,,,"{""gammas"": [2.956374372994486, 2.5436460868141593], ""betas"": [0.80293100932082, 0.5592539507370478]}",optimizer_fun=4.752722
n4_k2_d1.0_seed5,4,2,1.0,5,QAOA_SHOT_SIM,1.0,,,1024,60.0,0101,2,0.421097355983175,0.421097355983175,0.0,0.01953125,0.12602699999843026,,,"{""gammas"": [3.0298881235450383], ""betas"": [1.349776757777327]}",ok
n4_k2_d1.0_seed5,4,2,1.0,5,QAOA_SHOT_SIM,2.0,,,1024,60.0,0101,2,0.421097355983175,0.421097355983175,0.0,0.0029296875,0.15598200000385987,,,"{""gammas"": [2.956374372994486, 2.5436460868141593], ""betas"": [0.80293100932082, 0.5592539507370478]}",ok
n6_k3_d0.25_seed1,6,3,0.25,1,CPLEX_EXACT,,,,,,110001,3,0.2775567948639974,0.2775567948639974,0.0,1.0,0.3391763000036008,,,,ok
n6_k3_d0.25_seed1,6,3,0.25,1,SA,,100.0,200.0,,,110001,3,0.27755679486398677,0.2775567948639974,-3.8399856294723325e-14,0.05,0.0029168000037316233,,,,ok
n6_k3_d0.25_seed1,6,3,0.25,1,SA,,1000.0,200.0,,,110001,3,0.27755679486398677,0.2775567948639974,-3.8399856294723325e-14,0.07,0.015620999998645857,,,,ok
n6_k3_d0.25_seed1,6,3,0.25,1,SA,,5000.0,200.0,,,110001,3,0.27755679486398677,0.2775567948639974,-3.8399856294723325e-14,0.095,0.07362179999472573,,,,ok
n6_k3_d0.25_seed1,6,3,0.25,1,SQA,,100.0,200.0,,,110001,3,0.27755679486398677,0.2775567948639974,-3.8399856294723325e-14,0.075,0.06151230000250507,,,,ok
n6_k3_d0.25_seed1,6,3,0.25,1,SQA,,1000.0,200.0,,,110001,3,0.27755679486398677,0.2775567948639974,-3.8399856294723325e-14,0.065,0.6704653000051621,,,,ok
n6_k3_d0.25_seed1,6,3,0.25,1,SQA,,5000.0,200.0,,,110001,3,0.27755679486398677,0.2775567948639974,-3.8399856294723325e-14,0.05,3.2056999999986147,,,,ok
n6_k3_d0.25_seed1,6,3,0.25,1,QAOA_STATEVECTOR,1.0,,,none,60.0,110001,3,0.2775567948639974,0.2775567948639974,0.0,0.01345370935070296,0.3796617000043625,,,"{""gammas"": [2.1547392007879425], ""betas"": [1.3442245560118826]}",optimizer_fun=9.495023
n6_k3_d0.25_seed1,6,3,0.25,1,QAOA_STATEVECTOR,2.0,,,none,60.0,110001,3,0.2775567948639974,0.2775567948639974,0.0,0.043925698672197,0.20662730000185547,,,"{""gammas"": [1.6069740005498678, 3.504777524531863], ""betas"": [0.21949606391103454, 1.4373059885099135]}",optimizer_fun=7.248668
n6_k3_d0.25_seed1,6,3,0.25,1,QAOA_SHOT_SIM,1.0,,,1024,60.0,110001,3,0.2775567948639974,0.2775567948639974,0.0,0.0146484375,0.14231609999842476,,,"{""gammas"": [2.1547392007879425], ""betas"": [1.3442245560118826]}",ok
n6_k3_d0.25_seed1,6,3,0.25,1,QAOA_SHOT_SIM,2.0,,,1024,60.0,110001,3,0.2775567948639974,0.2775567948639974,0.0,0.0458984375,0.15771980000135954,,,"{""gammas"": [1.6069740005498678, 3.504777524531863], ""betas"": [0.21949606391103454, 1.4373059885099135]}",ok
n6_k3_d0.25_seed2,6,3,0.25,2,CPLEX_EXACT,,,,,,101010,3,0.09281392309021186,0.09281392309021186,0.0,1.0,0.2861230999988038,,,,ok
n6_k3_d0.25_seed2,6,3,0.25,2,SA,,100.0,200.0,,,101010,3,0.09281392309021186,0.09281392309021186,0.0,0.045,0.002917399993748404,,,,ok
n6_k3_d0.25_seed2,6,3,0.25,2,SA,,1000.0,200.0,,,101010,3,0.09281392309021186,0.09281392309021186,0.0,0.05,0.014815599999565165,,,,ok
n6_k3_d0.25_seed2,6,3,0.25,2,SA,,5000.0,200.0,,,101010,3,0.09281392309021186,0.09281392309021186,0.0,0.085,0.06908039999689208,,,,ok
n6_k3_d0.25_seed2,6,3,0.25,2,SQA,,100.0,200.0,,,101010,3,0.09281392309021186,0.09281392309021186,0.0,0.06,0.05573000000003958,,,,ok
n6_k3_d0.25_seed2,6,3,0.25,2,SQA,,1000.0,200.0,,,101010,3,0.09281392309021186,0.09281392309021186,0.0,0.04,0.5783469999951194,,,,ok
n6_k3_d0.25_seed2,6,3,0.25,2,SQA,,5000.0,200.0,,,101010,3,0.09281392309021186,0.09281392309021186,0.0,0.085,2.84466650000104,,,,ok
n6_k3_d0.25_seed2,6,3,0.25,2,QAOA_STATEVECTOR,1.0,,,none,60.0,101010,3,0.09281392309021186,0.09281392309021186,0.0,0.0399004124815974,0.23482170000352198,,,"{""gammas"": [-0.5918171497734858], ""betas"": [-0.2678564791152689]}",optimizer_fun=4.910825
n6_k3_d0.25_seed2,6,3,0.25,2,QAOA_STATEVECTOR,2.0,,,none,60.0,101010,3,0.09281392309021186,0.09281392309021186,0.0,0.025632158289820052,0.49165280000306666,,,"{""gammas"": [1.3018392737265432, 1.4631954264836908], ""betas"": [1.2783265636761996, 0.07668040405728269]}",optimizer_fun=8.397870
n6_k3_d0.25_seed2,6,3,0.25,2,QAOA_SHOT_SIM,1.0,,,1024,60.0,101010,3,0.09281392309021186,0.09281392309021186,0.0,0.0322265625,0.1319041000024299,,,"{""gammas"": [-0.5918171497734858], ""betas"": [-0.2678564791152689]}",ok
n6_k3_d0.25_seed2,6,3,0.25,2,QAOA_SHOT_SIM,2.0,,,1024,60.0,101010,3,0.09281392309021186,0.09281392309021186,0.0,0.0263671875,0.1685795999947004,,,"{""gammas"": [1.3018392737265432, 1.4631954264836908], ""betas"": [1.2783265636761996, 0.07668040405728269]}",ok
n6_k3_d0.25_seed3,6,3,0.25,3,CPLEX_EXACT,,,,,,011010,3,0.3818469882206159,0.3818469882206159,0.0,1.0,0.3212286999987555,,,,ok
n6_k3_d0.25_seed3,6,3,0.25,3,SA,,100.0,200.0,,,011010,3,0.38184698822061947,0.3818469882206159,9.30402435634214e-15,0.03,0.003196500001649838,,,,ok
n6_k3_d0.25_seed3,6,3,0.25,3,SA,,1000.0,200.0,,,011010,3,0.38184698822061947,0.3818469882206159,9.30402435634214e-15,0.09,0.01792349999595899,,,,ok
n6_k3_d0.25_seed3,6,3,0.25,3,SA,,5000.0,200.0,,,011010,3,0.38184698822061947,0.3818469882206159,9.30402435634214e-15,0.105,0.08492920000571758,,,,ok
n6_k3_d0.25_seed3,6,3,0.25,3,SQA,,100.0,200.0,,,011010,3,0.38184698822061947,0.3818469882206159,9.30402435634214e-15,0.06,0.05688320000626845,,,,ok
n6_k3_d0.25_seed3,6,3,0.25,3,SQA,,1000.0,200.0,,,011010,3,0.38184698822061947,0.3818469882206159,9.30402435634214e-15,0.06,0.5736506999965059,,,,ok
n6_k3_d0.25_seed3,6,3,0.25,3,SQA,,5000.0,200.0,,,011010,3,0.38184698822061947,0.3818469882206159,9.30402435634214e-15,0.05,2.882988799996383,,,,ok
n6_k3_d0.25_seed3,6,3,0.25,3,QAOA_STATEVECTOR,1.0,,,none,60.0,011010,3,0.3818469882206159,0.3818469882206159,0.0,0.022636775173384725,0.1407489999983227,,,"{""gammas"": [0.7844306758654885], ""betas"": [0.49428626245717694]}",optimizer_fun=20.427434
n6_k3_d0.25_seed3,6,3,0.25,3,QAOA_STATEVECTOR,2.0,,,none,60.0,011010,3,0.3818469882206159,0.3818469882206159,0.0,0.01518947151794518,0.4470167000035872,,,"{""gammas"": [0.271933047417521, 0.7280484049725251], ""betas"": [1.2757209672333925, 1.4698408804331082]}",optimizer_fun=8.465555
n6_k3_d0.25_seed3,6,3,0.25,3,QAOA_SHOT_SIM,1.0,,,1024,60.0,011010,3,0.3818469882206159,0.3818469882206159,0.0,0.0146484375,0.1291689999998198,,,"{""gammas"": [0.7844306758654885], ""betas"": [0.49428626245717694]}",ok
n6_k3_d0.25_seed3,6,3,0.25,3,QAOA_SHOT_SIM,2.0,,,1024,60.0,011010,3,0.3818469882206159,0.3818469882206159,0.0,0.0107421875,0.22584840000490658,,,"{""gammas"": [0.271933047417521, 0.7280484049725251], ""betas"": [1.2757209672333925, 1.4698408804331082]}",ok
n6_k3_d0.25_seed4,6,3,0.25,4,CPLEX_EXACT,,,,,,101100,3,0.5782948929785476,0.5782948929785476,0.0,1.0,0.24760349999996834,,,,ok
n6_k3_d0.25_seed4,6,3,0.25,4,SA,,100.0,200.0,,,101100,3,0.5782948929785583,0.5782948929785476,1.8430287325392093e-14,0.06,0.003106700001808349,,,,ok
n6_k3_d0.25_seed4,6,3,0.25,4,SA,,1000.0,200.0,,,101100,3,0.5782948929785583,0.5782948929785476,1.8430287325392093e-14,0.09,0.017084999999497086,,,,ok
n6_k3_d0.25_seed4,6,3,0.25,4,SA,,5000.0,200.0,,,101100,3,0.5782948929785583,0.5782948929785476,1.8430287325392093e-14,0.06,0.08329789999697823,,,,ok
n6_k3_d0.25_seed4,6,3,0.25,4,SQA,,100.0,200.0,,,101100,3,0.5782948929785583,0.5782948929785476,1.8430287325392093e-14,0.09,0.08575980000023264,,,,ok
n6_k3_d0.25_seed4,6,3,0.25,4,SQA,,1000.0,200.0,,,101100,3,0.5782948929785583,0.5782948929785476,1.8430287325392093e-14,0.04,0.8333075999980792,,,,ok
n6_k3_d0.25_seed4,6,3,0.25,4,SQA,,5000.0,200.0,,,101100,3,0.5782948929785583,0.5782948929785476,1.8430287325392093e-14,0.085,4.093112299997301,,,,ok
n6_k3_d0.25_seed4,6,3,0.25,4,QAOA_STATEVECTOR,1.0,,,none,60.0,101100,3,0.5782948929785476,0.5782948929785476,0.0,0.04034076250420647,0.1668601999990642,,,"{""gammas"": [3.200406339840659], ""betas"": [1.265236914872827]}",optimizer_fun=10.182352
n6_k3_d0.25_seed4,6,3,0.25,4,QAOA_STATEVECTOR,2.0,,,none,60.0,101100,3,0.5782948929785476,0.5782948929785476,0.0,0.016646278973165292,0.4478575000030105,,,"{""gammas"": [2.994353774109491, 1.5896445455493078], ""betas"": [1.3913701123103388, 0.16315337181261116]}",optimizer_fun=15.177094
n6_k3_d0.25_seed4,6,3,0.25,4,QAOA_SHOT_SIM,1.0,,,1024,60.0,101100,3,0.5782948929785476,0.5782948929785476,0.0,0.041015625,0.13287440000567585,,,"{""gammas"": [3.200406339840659], ""betas"": [1.265236914872827]}",ok
n6_k3_d0.25_seed4,6,3,0.25,4,QAOA_SHOT_SIM,2.0,,,1024,60.0,101100,3,0.5782948929785476,0.5782948929785476,0.0,0.025390625,0.16664760000276146,,,"{""gammas"": [2.994353774109491, 1.5896445455493078], ""betas"": [1.3913701123103388, 0.16315337181261116]}",ok
n6_k3_d0.25_seed5,6,3,0.25,5,CPLEX_EXACT,,,,,,001110,3,0.830874279220609,0.830874279220609,0.0,1.0,0.2874532999994699,,,,ok
n6_k3_d0.25_seed5,6,3,0.25,5,SA,,100.0,200.0,,,001110,3,0.8308742792206054,0.830874279220609,-4.27587394104085e-15,0.07,0.003242400001909118,,,,ok
n6_k3_d0.25_seed5,6,3,0.25,5,SA,,1000.0,200.0,,,001110,3,0.8308742792206054,0.830874279220609,-4.27587394104085e-15,0.065,0.018190900002082344,,,,ok
n6_k3_d0.25_seed5,6,3,0.25,5,SA,,5000.0,200.0,,,001110,3,0.8308742792206054,0.830874279220609,-4.27587394104085e-15,0.1,0.08631600000080653,,,,ok
n6_k3_d0.25_seed5,6,3,0.25,5,SQA,,100.0,200.0,,,001110,3,0.8308742792206054,0.830874279220609,-4.27587394104085e-15,0.06,0.06293019999429816,,,,ok
n6_k3_d0.25_seed5,6,3,0.25,5,SQA,,1000.0,200.0,,,001110,3,0.8308742792206054,0.830874279220609,-4.27587394104085e-15,0.08,0.6131808999998611,,,,ok
n6_k3_d0.25_seed5,6,3,0.25,5,SQA,,5000.0,200.0,,,001110,3,0.8308742792206054,0.830874279220609,-4.27587394104085e-15,0.08,3.0180505000025732,,,,ok
n6_k3_d0.25_seed5,6,3,0.25,5,QAOA_STATEVECTOR,1.0,,,none,60.0,001110,3,0.830874279220609,0.830874279220609,0.0,0.012297617586799972,0.2099850000013248,,,"{""gammas"": [3.201111092113227], ""betas"": [1.4910429133593583]}",optimizer_fun=16.201613
n6_k3_d0.25_seed5,6,3,0.25,5,QAOA_STATEVECTOR,2.0,,,none,60.0,001110,3,0.830874279220609,0.830874279220609,0.0,0.013242429391178867,0.4449958000041079,,,"{""gammas"": [3.000022524130096, 2.529372091912933], ""betas"": [0.8130411322816434, 0.615136060054327]}",optimizer_fun=16.427014
n6_k3_d0.25_seed5,6,3,0.25,5,QAOA_SHOT_SIM,1.0,,,1024,60.0,001110,3,0.830874279220609,0.830874279220609,0.0,0.0068359375,0.15241689999675145,,,"{""gammas"": [3.201111092113227], ""betas"": [1.4910429133593583]}",ok
n6_k3_d0.25_seed5,6,3,0.25,5,QAOA_SHOT_SIM,2.0,,,1024,60.0,001110,3,0.830874279220609,0.830874279220609,0.0,0.0205078125,0.177773099996557,,,"{""gammas"": [3.000022524130096, 2.529372091912933], ""betas"": [0.8130411322816434, 0.615136060054327]}",ok
n6_k3_d0.5_seed1,6,3,0.5,1,CPLEX_EXACT,,,,,,110001,3,0.3029360797165097,0.3029360797165097,0.0,1.0,0.2642132000037236,,,,ok
n6_k3_d0.5_seed1,6,3,0.5,1,SA,,100.0,200.0,,,110001,3,0.3029360797165115,0.3029360797165097,5.863800842285214e-15,0.055,0.002717099996516481,,,,ok
n6_k3_d0.5_seed1,6,3,0.5,1,SA,,1000.0,200.0,,,110001,3,0.3029360797165115,0.3029360797165097,5.863800842285214e-15,0.09,0.013046599997323938,,,,ok
n6_k3_d0.5_seed1,6,3,0.5,1,SA,,5000.0,200.0,,,110001,3,0.3029360797165115,0.3029360797165097,5.863800842285214e-15,0.075,0.060098800000560004,,,,ok
n6_k3_d0.5_seed1,6,3,0.5,1,SQA,,100.0,200.0,,,110001,3,0.3029360797165115,0.3029360797165097,5.863800842285214e-15,0.095,0.056841600002371706,,,,ok
n6_k3_d0.5_seed1,6,3,0.5,1,SQA,,1000.0,200.0,,,110001,3,0.3029360797165115,0.3029360797165097,5.863800842285214e-15,0.08,0.5783943999995245,,,,ok
n6_k3_d0.5_seed1,6,3,0.5,1,SQA,,5000.0,200.0,,,110001,3,0.3029360797165115,0.3029360797165097,5.863800842285214e-15,0.075,2.9252553999976953,,,,ok
n6_k3_d0.5_seed1,6,3,0.5,1,QAOA_STATEVECTOR,1.0,,,none,60.0,110001,3,0.3029360797165097,0.3029360797165097,0.0,0.01352666445698581,0.3335226999988663,,,"{""gammas"": [2.1552172471808233], ""betas"": [1.343412746439779]}",optimizer_fun=9.557426
n6_k3_d0.5_seed1,6,3,0.5,1,QAOA_STATEVECTOR,2.0,,,none,60.0,110001,3,0.3029360797165097,0.3029360797165097,0.0,0.041897831224298875,0.3039658999987296,,,"{""gammas"": [1.6063582690011644, 3.5047265575168898], ""betas"": [0.2215145616714188, 1.4367241484699553]}",optimizer_fun=7.366195
n6_k3_d0.5_seed1,6,3,0.5,1,QAOA_SHOT_SIM,1.0,,,1024,60.0,110001,3,0.3029360797165097,0.3029360797165097,0.0,0.0087890625,0.1471464000060223,,,"{""gammas"": [2.1552172471808233], ""betas"": [1.343412746439779]}",ok
n6_k3_d0.5_seed1,6,3,0.5,1,QAOA_SHOT_SIM,2.0,,,1024,60.0,110001,3,0.3029360797165097,0.3029360797165097,0.0,0.037109375,0.18558919999486534,,,"{""gammas"": [1.6063582690011644, 3.5047265575168898], ""betas"": [0.2215145616714188, 1.4367241484699553]}",ok
n6_k3_d0.5_seed2,6,3,0.5,2,CPLEX_EXACT,,,,,,101010,3,0.07111948527784051,0.07111948527784051,0.0,1.0,0.2322660999998334,,,,ok
n6_k3_d0.5_seed2,6,3,0.5,2,SA,,100.0,200.0,,,101010,3,0.07111948527784584,0.07111948527784051,7.49312301316836e-14,0.06,0.0034395999973639846,,,,ok
n6_k3_d0.5_seed2,6,3,0.5,2,SA,,1000.0,200.0,,,101010,3,0.07111948527784584,0.07111948527784051,7.49312301316836e-14,0.06,0.014840799994999543,,,,ok
n6_k3_d0.5_seed2,6,3,0.5,2,SA,,5000.0,200.0,,,101010,3,0.07111948527784584,0.07111948527784051,7.49312301316836e-14,0.075,0.07390300000406569,,,,ok
n6_k3_d0.5_seed2,6,3,0.5,2,SQA,,100.0,200.0,,,101010,3,0.07111948527784584,0.07111948527784051,7.49312301316836e-14,0.055,0.060488899995107204,,,,ok
n6_k3_d0.5_seed2,6,3,0.5,2,SQA,,1000.0,200.0,,,101010,3,0.07111948527784584,0.07111948527784051,7.49312301316836e-14,0.07,0.6402298999964842,,,,ok
n6_k3_d0.5_seed2,6,3,0.5,2,SQA,,5000.0,200.0,,,101010,3,0.07111948527784584,0.07111948527784051,7.49312301316836e-14,0.075,3.270526299995254,,,,ok
n6_k3_d0.5_seed2,6,3,0.5,2,QAOA_STATEVECTOR,1.0,,,none,60.0,101010,3,0.07111948527784051,0.07111948527784051,0.0,0.040320991722899026,0.15337420000287239,,,"{""gammas"": [-0.5927763752017935], ""betas"": [-0.27061077003696327]}",optimizer_fun=4.843563
n6_k3_d0.5_seed2,6,3,0.5,2,QAOA_STATEVECTOR,2.0,,,none,60.0,101010,3,0.07111948527784051,0.07111948527784051,0.0,0.04422855258966794,0.5866059999971185,,,"{""gammas"": [1.2915028302368883, 1.4714799611134386], ""betas"": [1.284729091754337, 0.012881493949171121]}",optimizer_fun=6.251841
n6_k3_d0.5_seed2,6,3,0.5,2,QAOA_SHOT_SIM,1.0,,,1024,60.0,101010,3,0.07111948527784051,0.07111948527784051,0.0,0.04296875,0.1767586000059964,,,"{""gammas"": [-0.5927763752017935], ""betas"": [-0.27061077003696327]}",ok
n6_k3_d0.5_seed2,6,3,0.5,2,QAOA_SHOT_SIM,2.0,,,1024,60.0,101010,3,0.07111948527784051,0.07111948527784051,0.0,0.04296875,0.1784505000032368,,,"{""gammas"": [1.2915028302368883, 1.4714799611134386], ""betas"": [1.284729091754337, 0.012881493949171121]}",ok
n6_k3_d0.5_seed3,6,3,0.5,3,CPLEX_EXACT,,,,,,011100,3,0.5112292916685099,0.5112292916685099,0.0,1.0,0.1943405000056373,,,,ok
n6_k3_d0.5_seed3,6,3,0.5,3,SA,,100.0,200.0,,,011100,3,0.5112292916685135,0.5112292916685099,6.949354696021884e-15,0.055,0.00464520000241464,,,,ok
n6_k3_d0.5_seed3,6,3,0.5,3,SA,,1000.0,200.0,,,011100,3,0.5112292916685135,0.5112292916685099,6.949354696021884e-15,0.065,0.023322600005485583,,,,ok
n6_k3_d0.5_seed3,6,3,0.5,3,SA,,5000.0,200.0,,,011100,3,0.5112292916685135,0.5112292916685099,6.949354696021884e-15,0.09,0.10441420000279322,,,,ok
n6_k3_d0.5_seed3,6,3,0.5,3,SQA,,100.0,200.0,,,011100,3,0.5112292916685135,0.5112292916685099,6.949354696021884e-15,0.11,0.08625530000426807,,,,ok
n6_k3_d0.5_seed3,6,3,0.5,3,SQA,,1000.0,200.0,,,011100,3,0.5112292916685135,0.5112292916685099,6.949354696021884e-15,0.065,0.6383857000037096,,,,ok
n6_k3_d0.5_seed3,6,3,0.5,3,SQA,,5000.0,200.0,,,011100,3,0.5112292916685135,0.5112292916685099,6.949354696021884e-15,0.08,2.954005400002643,,,,ok
n6_k3_d0.5_seed3,6,3,0.5,3,QAOA_STATEVECTOR,1.0,,,none,60.0,011100,3,0.5112292916685099,0.5112292916685099,0.0,0.014930015122492044,0.29354899999452755,,,"{""gammas"": [1.300461422849243], ""betas"": [-0.21654636855173734]}",optimizer_fun=10.428323
n6_k3_d0.5_seed3,6,3,0.5,3,QAOA_STATEVECTOR,2.0,,,none,60.0,011100,3,0.5112292916685099,0.5112292916685099,0.0,0.028667288451931804,0.4583735999985947,,,"{""gammas"": [-0.1497013802068881, 0.5118392623154745], ""betas"": [1.830282948291529, 1.486629813273179]}",optimizer_fun=10.724582
n6_k3_d0.5_seed3,6,3,0.5,3,QAOA_SHOT_SIM,1.0,,,1024,60.0,011100,3,0.5112292916685099,0.5112292916685099,0.0,0.017578125,0.20392170000559418,,,"{""gammas"": [1.300461422849243], ""betas"": [-0.21654636855173734]}",ok
n6_k3_d0.5_seed3,6,3,0.5,3,QAOA_SHOT_SIM,2.0,,,1024,60.0,011100,3,0.5112292916685099,0.5112292916685099,0.0,0.029296875,0.17618400000355905,,,"{""gammas"": [-0.1497013802068881, 0.5118392623154745], ""betas"": [1.830282948291529, 1.486629813273179]}",ok
n6_k3_d0.5_seed4,6,3,0.5,4,CPLEX_EXACT,,,,,,100110,3,0.9415524970958806,0.9415524970958806,0.0,1.0,0.22568630000023404,,,,ok
n6_k3_d0.5_seed4,6,3,0.5,4,SA,,100.0,200.0,,,100110,3,0.9415524970958913,0.9415524970958806,1.1319752291322486e-14,0.045,0.00368960000196239,,,,ok
n6_k3_d0.5_seed4,6,3,0.5,4,SA,,1000.0,200.0,,,100110,3,0.9415524970958913,0.9415524970958806,1.1319752291322486e-14,0.09,0.02065980000043055,,,,ok
n6_k3_d0.5_seed4,6,3,0.5,4,SA,,5000.0,200.0,,,100110,3,0.9415524970958913,0.9415524970958806,1.1319752291322486e-14,0.08,0.09806929999467684,,,,ok
n6_k3_d0.5_seed4,6,3,0.5,4,SQA,,100.0,200.0,,,100110,3,0.9415524970958913,0.9415524970958806,1.1319752291322486e-14,0.055,0.07234489999973448,,,,ok
n6_k3_d0.5_seed4,6,3,0.5,4,SQA,,1000.0,200.0,,,100110,3,0.9415524970958913,0.9415524970958806,1.1319752291322486e-14,0.115,0.6175494999988587,,,,ok
n6_k3_d0.5_seed4,6,3,0.5,4,SQA,,5000.0,200.0,,,100110,3,0.9415524970958913,0.9415524970958806,1.1319752291322486e-14,0.07,3.182466599995678,,,,ok
n6_k3_d0.5_seed4,6,3,0.5,4,QAOA_STATEVECTOR,1.0,,,none,60.0,100110,3,0.9415524970958806,0.9415524970958806,0.0,0.041006043451249745,0.4353518999996595,,,"{""gammas"": [2.2614233809592483], ""betas"": [1.7579903208879553]}",optimizer_fun=15.097089
n6_k3_d0.5_seed4,6,3,0.5,4,QAOA_STATEVECTOR,2.0,,,none,60.0,100110,3,0.9415524970958806,0.9415524970958806,0.0,0.010031114213453596,0.5743576000022586,,,"{""gammas"": [2.7528577438450403, 1.4294889460822784], ""betas"": [1.3495815810514764, -0.18808131433799946]}",optimizer_fun=15.362114
n6_k3_d0.5_seed4,6,3,0.5,4,QAOA_SHOT_SIM,1.0,,,1024,60.0,100110,3,0.9415524970958806,0.9415524970958806,0.0,0.0390625,0.17590070000005653,,,"{""gammas"": [2.2614233809592483], ""betas"": [1.7579903208879553]}",ok
n6_k3_d0.5_seed4,6,3,0.5,4,QAOA_SHOT_SIM,2.0,,,1024,60.0,100110,3,0.9415524970958806,0.9415524970958806,0.0,0.0185546875,0.20477739999478217,,,"{""gammas"": [2.7528577438450403, 1.4294889460822784], ""betas"": [1.3495815810514764, -0.18808131433799946]}",ok
n6_k3_d0.5_seed5,6,3,0.5,5,CPLEX_EXACT,,,,,,110010,3,1.3553692257513603,1.3553692257513603,0.0,1.0,0.31250200000067707,,,,ok
n6_k3_d0.5_seed5,6,3,0.5,5,SA,,100.0,200.0,,,110010,3,1.3553692257513426,1.3553692257513603,-1.3106073279888085e-14,0.06,0.004353900003479794,,,,ok
n6_k3_d0.5_seed5,6,3,0.5,5,SA,,1000.0,200.0,,,110010,3,1.3553692257513426,1.3553692257513603,-1.3106073279888085e-14,0.09,0.023583500005770475,,,,ok
n6_k3_d0.5_seed5,6,3,0.5,5,SA,,5000.0,200.0,,,110010,3,1.3553692257513426,1.3553692257513603,-1.3106073279888085e-14,0.06,0.10649320000084117,,,,ok
n6_k3_d0.5_seed5,6,3,0.5,5,SQA,,100.0,200.0,,,110010,3,1.3553692257513426,1.3553692257513603,-1.3106073279888085e-14,0.055,0.07005380000191508,,,,ok
n6_k3_d0.5_seed5,6,3,0.5,5,SQA,,1000.0,200.0,,,110010,3,1.3553692257513426,1.3553692257513603,-1.3106073279888085e-14,0.035,0.8372254999994766,,,,ok
n6_k3_d0.5_seed5,6,3,0.5,5,SQA,,5000.0,200.0,,,110010,3,1.3553692257513426,1.3553692257513603,-1.3106073279888085e-14,0.065,3.4212479000052554,,,,ok
n6_k3_d0.5_seed5,6,3,0.5,5,QAOA_STATEVECTOR,1.0,,,none,60.0,110010,3,1.3553692257513603,1.3553692257513603,0.0,0.01523478652781185,0.33144979999633506,,,"{""gammas"": [2.779187276815441], ""betas"": [1.6551025826725088]}",optimizer_fun=16.094457
n6_k3_d0.5_seed5,6,3,0.5,5,QAOA_STATEVECTOR,2.0,,,none,60.0,110010,3,1.3553692257513603,1.3553692257513603,0.0,0.031135859761222646,0.44034560000000056,,,"{""gammas"": [2.525521539872989, 2.536893011513847], ""betas"": [0.8354222049454406, 0.9047721135845606]}",optimizer_fun=12.996292
n6_k3_d0.5_seed5,6,3,0.5,5,QAOA_SHOT_SIM,1.0,,,1024,60.0,110010,3,1.3553692257513603,1.3553692257513603,0.0,0.01171875,0.13737689999834402,,,"{""gammas"": [2.779187276815441], ""betas"": [1.6551025826725088]}",ok
n6_k3_d0.5_seed5,6,3,0.5,5,QAOA_SHOT_SIM,2.0,,,1024,60.0,110010,3,1.3553692257513603,1.3553692257513603,0.0,0.0400390625,0.1931966000047396,,,"{""gammas"": [2.525521539872989, 2.536893011513847], ""betas"": [0.8354222049454406, 0.9047721135845606]}",ok
n6_k3_d1.0_seed1,6,3,1.0,1,CPLEX_EXACT,,,,,,101001,3,0.19529864735636338,0.19529864735636338,0.0,1.0,0.29327719999855617,,,,ok
n6_k3_d1.0_seed1,6,3,1.0,1,SA,,100.0,200.0,,,101001,3,0.1952986473563847,0.19529864735636338,1.0914710552965057e-13,0.06,0.003543400001944974,,,,ok
n6_k3_d1.0_seed1,6,3,1.0,1,SA,,1000.0,200.0,,,101001,3,0.1952986473563847,0.19529864735636338,1.0914710552965057e-13,0.1,0.022151400000439025,,,,ok
n6_k3_d1.0_seed1,6,3,1.0,1,SA,,5000.0,200.0,,,101001,3,0.1952986473563847,0.19529864735636338,1.0914710552965057e-13,0.105,0.10712530000455445,,,,ok
n6_k3_d1.0_seed1,6,3,1.0,1,SQA,,100.0,200.0,,,101001,3,0.1952986473563847,0.19529864735636338,1.0914710552965057e-13,0.055,0.06395090000296477,,,,ok
n6_k3_d1.0_seed1,6,3,1.0,1,SQA,,1000.0,200.0,,,101001,3,0.1952986473563847,0.19529864735636338,1.0914710552965057e-13,0.065,0.6410471999988658,,,,ok
n6_k3_d1.0_seed1,6,3,1.0,1,SQA,,5000.0,200.0,,,101001,3,0.1952986473563847,0.19529864735636338,1.0914710552965057e-13,0.09,2.8422430000064196,,,,ok
n6_k3_d1.0_seed1,6,3,1.0,1,QAOA_STATEVECTOR,1.0,,,none,60.0,101001,3,0.19529864735636338,0.19529864735636338,0.0,0.05351812439556915,0.3694930999990902,,,"{""gammas"": [2.244340883440922], ""betas"": [1.8671377989407159]}",optimizer_fun=9.323994
n6_k3_d1.0_seed1,6,3,1.0,1,QAOA_STATEVECTOR,2.0,,,none,60.0,101001,3,0.19529864735636338,0.19529864735636338,0.0,0.0670192630348086,0.44446790000074543,,,"{""gammas"": [1.6125776362321143, 3.5166609133538054], ""betas"": [0.278588534425738, 1.4536064181630564]}",optimizer_fun=7.467121
n6_k3_d1.0_seed1,6,3,1.0,1,QAOA_SHOT_SIM,1.0,,,1024,60.0,101001,3,0.19529864735636338,0.19529864735636338,0.0,0.0625,0.14074609999806853,,,"{""gammas"": [2.244340883440922], ""betas"": [1.8671377989407159]}",ok
n6_k3_d1.0_seed1,6,3,1.0,1,QAOA_SHOT_SIM,2.0,,,1024,60.0,101001,3,0.19529864735636338,0.19529864735636338,0.0,0.064453125,0.1914567999992869,,,"{""gammas"": [1.6125776362321143, 3.5166609133538054], ""betas"": [0.278588534425738, 1.4536064181630564]}",ok
n6_k3_d1.0_seed2,6,3,1.0,2,CPLEX_EXACT,,,,,,010011,3,-0.16419652604088597,-0.16419652604088597,0.0,1.0,0.24949240000569262,,,,ok
n6_k3_d1.0_seed2,6,3,1.0,2,SA,,100.0,200.0,,,010011,3,-0.1641965260408771,-0.16419652604088597,5.40924001935926e-14,0.075,0.003144599999359343,,,,ok
n6_k3_d1.0_seed2,6,3,1.0,2,SA,,1000.0,200.0,,,010011,3,-0.1641965260408771,-0.16419652604088597,5.40924001935926e-14,0.08,0.016961000001174398,,,,ok
n6_k3_d1.0_seed2,6,3,1.0,2,SA,,5000.0,200.0,,,010011,3,-0.1641965260408771,-0.16419652604088597,5.40924001935926e-14,0.03,0.07956360000389395,,,,ok
n6_k3_d1.0_seed2,6,3,1.0,2,SQA,,100.0,200.0,,,010011,3,-0.1641965260408771,-0.16419652604088597,5.40924001935926e-14,0.075,0.056408200005535036,,,,ok
n6_k3_d1.0_seed2,6,3,1.0,2,SQA,,1000.0,200.0,,,010011,3,-0.1641965260408771,-0.16419652604088597,5.40924001935926e-14,0.085,0.576253799998085,,,,ok
n6_k3_d1.0_seed2,6,3,1.0,2,SQA,,5000.0,200.0,,,010011,3,-0.1641965260408771,-0.16419652604088597,5.40924001935926e-14,0.065,2.8145144999944023,,,,ok
n6_k3_d1.0_seed2,6,3,1.0,2,QAOA_STATEVECTOR,1.0,,,none,60.0,010011,3,-0.16419652604088597,-0.16419652604088597,0.0,0.025873353279666292,0.15926480000052834,,,"{""gammas"": [-0.6662864554112561], ""betas"": [0.25683190094262476]}",optimizer_fun=4.613534
n6_k3_d1.0_seed2,6,3,1.0,2,QAOA_STATEVECTOR,2.0,,,none,60.0,010011,3,-0.16419652604088597,-0.16419652604088597,0.0,0.05271980257508969,0.45068719999835594,,,"{""gammas"": [1.2953756272933654, 1.4823433626535572], ""betas"": [1.2768362724679354, 0.028747262131009393]}",optimizer_fun=5.539785
n6_k3_d1.0_seed2,6,3,1.0,2,QAOA_SHOT_SIM,1.0,,,1024,60.0,010011,3,-0.16419652604088597,-0.16419652604088597,0.0,0.02734375,0.1435600999975577,,,"{""gammas"": [-0.6662864554112561], ""betas"": [0.25683190094262476]}",ok
n6_k3_d1.0_seed2,6,3,1.0,2,QAOA_SHOT_SIM,2.0,,,1024,60.0,010011,3,-0.16419652604088597,-0.16419652604088597,0.0,0.0595703125,0.17569730000104755,,,"{""gammas"": [1.2953756272933654, 1.4823433626535572], ""betas"": [1.2768362724679354, 0.028747262131009393]}",ok
n6_k3_d1.0_seed3,6,3,1.0,3,CPLEX_EXACT,,,,,,011100,3,-0.0011957098540413824,-0.0011957098540413824,0.0,1.0,0.2776030000022729,,,,ok
n6_k3_d1.0_seed3,6,3,1.0,3,SA,,100.0,200.0,,,011100,3,-0.001195709854034277,-0.0011957098540413824,5.942434390404454e-12,0.045,0.0028369999999995343,,,,ok
n6_k3_d1.0_seed3,6,3,1.0,3,SA,,1000.0,200.0,,,011100,3,-0.001195709854034277,-0.0011957098540413824,5.942434390404454e-12,0.1,0.014158099998894613,,,,ok
n6_k3_d1.0_seed3,6,3,1.0,3,SA,,5000.0,200.0,,,011100,3,-0.001195709854034277,-0.0011957098540413824,5.942434390404454e-12,0.12,0.06679759999678936,,,,ok
n6_k3_d1.0_seed3,6,3,1.0,3,SQA,,100.0,200.0,,,011100,3,-0.001195709854034277,-0.0011957098540413824,5.942434390404454e-12,0.075,0.055695499999274034,,,,ok
n6_k3_d1.0_seed3,6,3,1.0,3,SQA,,1000.0,200.0,,,011100,3,-0.001195709854034277,-0.0011957098540413824,5.942434390404454e-12,0.1,0.6385439000005135,,,,ok
n6_k3_d1.0_seed3,6,3,1.0,3,SQA,,5000.0,200.0,,,011100,3,-0.001195709854034277,-0.0011957098540413824,5.942434390404454e-12,0.09,3.1222349000017857,,,,ok
n6_k3_d1.0_seed3,6,3,1.0,3,QAOA_STATEVECTOR,1.0,,,none,60.0,011100,3,-0.0011957098540413824,-0.0011957098540413824,0.0,0.016890101168594334,0.14223970000603003,,,"{""gammas"": [0.7863931298762681], ""betas"": [0.6459117833849538]}",optimizer_fun=18.409904
n6_k3_d1.0_seed3,6,3,1.0,3,QAOA_STATEVECTOR,2.0,,,none,60.0,011100,3,-0.0011957098540413824,-0.0011957098540413824,0.0,0.03034764867882964,0.6158521000033943,,,"{""gammas"": [0.27172242226584825, 0.7197937553537072], ""betas"": [1.2907447535533212, 1.525575429727172]}",optimizer_fun=6.313693
n6_k3_d1.0_seed3,6,3,1.0,3,QAOA_SHOT_SIM,1.0,,,1024,60.0,011100,3,-0.0011957098540413824,-0.0011957098540413824,0.0,0.01171875,0.15528489999996964,,,"{""gammas"": [0.7863931298762681], ""betas"": [0.6459117833849538]}",ok
n6_k3_d1.0_seed3,6,3,1.0,3,QAOA_SHOT_SIM,2.0,,,1024,60.0,011100,3,-0.0011957098540413824,-0.0011957098540413824,0.0,0.0244140625,0.2317001999981585,,,"{""gammas"": [0.27172242226584825, 0.7197937553537072], ""betas"": [1.2907447535533212, 1.525575429727172]}",ok
n6_k3_d1.0_seed4,6,3,1.0,4,CPLEX_EXACT,,,,,,011100,3,0.7042998466676558,0.7042998466676558,0.0,1.0,0.19371189999947092,,,,ok
n6_k3_d1.0_seed4,6,3,1.0,4,SA,,100.0,200.0,,,011100,3,0.7042998466676753,0.7042998466676558,2.774375903367651e-14,0.055,0.0037690000026486814,,,,ok
n6_k3_d1.0_seed4,6,3,1.0,4,SA,,1000.0,200.0,,,011100,3,0.7042998466676753,0.7042998466676558,2.774375903367651e-14,0.085,0.01715659999899799,,,,ok
n6_k3_d1.0_seed4,6,3,1.0,4,SA,,5000.0,200.0,,,011100,3,0.7042998466676753,0.7042998466676558,2.774375903367651e-14,0.09,0.07967579999967711,,,,ok
n6_k3_d1.0_seed4,6,3,1.0,4,SQA,,100.0,200.0,,,011100,3,0.7042998466676753,0.7042998466676558,2.774375903367651e-14,0.07,0.05914230000053067,,,,ok
n6_k3_d1.0_seed4,6,3,1.0,4,SQA,,1000.0,200.0,,,011100,3,0.7042998466676753,0.7042998466676558,2.774375903367651e-14,0.055,0.7113248999958159,,,,ok
n6_k3_d1.0_seed4,6,3,1.0,4,SQA,,5000.0,200.0,,,011100,3,0.7042998466676753,0.7042998466676558,2.774375903367651e-14,0.09,2.8411291999946116,,,,ok
n6_k3_d1.0_seed4,6,3,1.0,4,QAOA_STATEVECTOR,1.0,,,none,60.0,011100,3,0.7042998466676558,0.7042998466676558,0.0,0.018620984375535946,0.13825879999785684,,,"{""gammas"": [3.4697133480562274], ""betas"": [1.1524786909165778]}",optimizer_fun=14.146055
n6_k3_d1.0_seed4,6,3,1.0,4,QAOA_STATEVECTOR,2.0,,,none,60.0,011100,3,0.7042998466676558,0.7042998466676558,0.0,0.0009117557990693261,0.3359844000005978,,,"{""gammas"": [2.961676201673559, 1.5945687187740514], ""betas"": [1.5214016844753748, 0.1441883057767869]}",optimizer_fun=15.310003
n6_k3_d1.0_seed4,6,3,1.0,4,QAOA_SHOT_SIM,1.0,,,1024,60.0,011100,3,0.7042998466676558,0.7042998466676558,0.0,0.01953125,0.1312677000023541,,,"{""gammas"": [3.4697133480562274], ""betas"": [1.1524786909165778]}",ok
n6_k3_d1.0_seed4,6,3,1.0,4,QAOA_SHOT_SIM,2.0,,,1024,60.0,001110,3,0.869882259204509,0.7042998466676558,0.23510215616302424,0.021484375,0.18025409999972908,,,"{""gammas"": [2.961676201673559, 1.5945687187740514], ""betas"": [1.5214016844753748, 0.1441883057767869]}",ok
n6_k3_d1.0_seed5,6,3,1.0,5,CPLEX_EXACT,,,,,,100101,3,0.27833791163635624,0.27833791163635624,0.0,1.0,0.3508254999978817,,,,ok
n6_k3_d1.0_seed5,6,3,1.0,5,SA,,100.0,200.0,,,100101,3,0.2783379116363527,0.27833791163635624,-1.2764030806705416e-14,0.065,0.0033144999979413114,,,,ok
n6_k3_d1.0_seed5,6,3,1.0,5,SA,,1000.0,200.0,,,100101,3,0.2783379116363527,0.27833791163635624,-1.2764030806705416e-14,0.12,0.020417599997017533,,,,ok
n6_k3_d1.0_seed5,6,3,1.0,5,SA,,5000.0,200.0,,,100101,3,0.2783379116363527,0.27833791163635624,-1.2764030806705416e-14,0.105,0.08834769999521086,,,,ok
n6_k3_d1.0_seed5,6,3,1.0,5,SQA,,100.0,200.0,,,100101,3,0.2783379116363527,0.27833791163635624,-1.2764030806705416e-14,0.045,0.06195970000408124,,,,ok
n6_k3_d1.0_seed5,6,3,1.0,5,SQA,,1000.0,200.0,,,100101,3,0.2783379116363527,0.27833791163635624,-1.2764030806705416e-14,0.085,0.5693494999941322,,,,ok
n6_k3_d1.0_seed5,6,3,1.0,5,SQA,,5000.0,200.0,,,100101,3,0.2783379116363527,0.27833791163635624,-1.2764030806705416e-14,0.09,3.5509894999995595,,,,ok
n6_k3_d1.0_seed5,6,3,1.0,5,QAOA_STATEVECTOR,1.0,,,none,60.0,100101,3,0.27833791163635624,0.27833791163635624,0.0,0.0523375322796603,0.2694688000046881,,,"{""gammas"": [3.0630169200300155], ""betas"": [1.320958077525332]}",optimizer_fun=14.112466
n6_k3_d1.0_seed5,6,3,1.0,5,QAOA_STATEVECTOR,2.0,,,none,60.0,100101,3,0.27833791163635624,0.27833791163635624,0.0,0.004375692264120724,0.5136984000055236,,,"{""gammas"": [2.957308167614968, 2.5705671907361443], ""betas"": [1.3492741722013144, 0.40919991094569336]}",optimizer_fun=11.781699
n6_k3_d1.0_seed5,6,3,1.0,5,QAOA_SHOT_SIM,1.0,,,1024,60.0,100101,3,0.27833791163635624,0.27833791163635624,0.0,0.0478515625,0.15878410000004806,,,"{""gammas"": [3.0630169200300155], ""betas"": [1.320958077525332]}",ok
n6_k3_d1.0_seed5,6,3,1.0,5,QAOA_SHOT_SIM,2.0,,,1024,60.0,100101,3,0.27833791163635624,0.27833791163635624,0.0,0.0029296875,0.21212439999362687,,,"{""gammas"": [2.957308167614968, 2.5705671907361443], ""betas"": [1.3492741722013144, 0.40919991094569336]}",ok
n8_k4_d0.25_seed1,8,4,0.25,1,CPLEX_EXACT,,,,,,11000110,4,0.4370002204909227,0.4370002204909227,0.0,1.0,0.3346668000012869,,,,ok
n8_k4_d0.25_seed1,8,4,0.25,1,SA,,100.0,200.0,,,11000110,4,0.4370002204909298,0.4370002204909227,1.6259550966859512e-14,0.015,0.005367500001739245,,,,ok
n8_k4_d0.25_seed1,8,4,0.25,1,SA,,1000.0,200.0,,,11000110,4,0.4370002204909298,0.4370002204909227,1.6259550966859512e-14,0.02,0.03394170000683516,,,,ok
n8_k4_d0.25_seed1,8,4,0.25,1,SA,,5000.0,200.0,,,11000110,4,0.4370002204909298,0.4370002204909227,1.6259550966859512e-14,0.02,0.1473928000050364,,,,ok
n8_k4_d0.25_seed1,8,4,0.25,1,SQA,,100.0,200.0,,,11000110,4,0.4370002204909298,0.4370002204909227,1.6259550966859512e-14,0.005,0.17640810000011697,,,,ok
n8_k4_d0.25_seed1,8,4,0.25,1,SQA,,1000.0,200.0,,,11000110,4,0.4370002204909298,0.4370002204909227,1.6259550966859512e-14,0.025,1.160380699999223,,,,ok
n8_k4_d0.25_seed1,8,4,0.25,1,SQA,,5000.0,200.0,,,11000110,4,0.4370002204909298,0.4370002204909227,1.6259550966859512e-14,0.01,5.07019980000041,,,,ok
n8_k4_d0.25_seed1,8,4,0.25,1,QAOA_STATEVECTOR,1.0,,,none,60.0,11000110,4,0.4370002204909227,0.4370002204909227,0.0,0.003747986866634028,0.7584433000010904,,,"{""gammas"": [2.1635941319475576], ""betas"": [1.3664999977200183]}",optimizer_fun=11.393078
n8_k4_d0.25_seed1,8,4,0.25,1,QAOA_STATEVECTOR,2.0,,,none,60.0,11000110,4,0.4370002204909227,0.4370002204909227,0.0,0.01658224968014109,1.0463397999992594,,,"{""gammas"": [1.6031365523303722, 2.9209698197204736], ""betas"": [0.23502023533978214, 1.4873261399049529]}",optimizer_fun=8.201303
n8_k4_d0.25_seed1,8,4,0.25,1,QAOA_SHOT_SIM,1.0,,,1024,60.0,11000101,4,0.5246404078856663,0.4370002204909227,0.20054952671714754,0.0009765625,0.13146989999950165,,,"{""gammas"": [2.1635941319475576], ""betas"": [1.3664999977200183]}",ok
n8_k4_d0.25_seed1,8,4,0.25,1,QAOA_SHOT_SIM,2.0,,,1024,60.0,11000110,4,0.4370002204909227,0.4370002204909227,0.0,0.0126953125,0.17835890000424115,,,"{""gammas"": [1.6031365523303722, 2.9209698197204736], ""betas"": [0.23502023533978214, 1.4873261399049529]}",ok
n8_k4_d0.25_seed2,8,4,0.25,2,CPLEX_EXACT,,,,,,11011000,4,1.0171073819696659,1.0171073819696659,0.0,1.0,0.3177212000009604,,,,ok
n8_k4_d0.25_seed2,8,4,0.25,2,SA,,100.0,200.0,,,11011000,4,1.0171073819696232,1.0171073819696659,-4.1915499682095e-14,0.01,0.003434899997955654,,,,ok
n8_k4_d0.25_seed2,8,4,0.25,2,SA,,1000.0,200.0,,,11011000,4,1.0171073819696232,1.0171073819696659,-4.1915499682095e-14,0.035,0.019871700002113357,,,,ok
n8_k4_d0.25_seed2,8,4,0.25,2,SA,,5000.0,200.0,,,11011000,4,1.0171073819696232,1.0171073819696659,-4.1915499682095e-14,0.02,0.09527879999950528,,,,ok
n8_k4_d0.25_seed2,8,4,0.25,2,SQA,,100.0,200.0,,,11011000,4,1.0171073819696232,1.0171073819696659,-4.1915499682095e-14,0.015,0.09517549999873154,,,,ok
n8_k4_d0.25_seed2,8,4,0.25,2,SQA,,1000.0,200.0,,,11011000,4,1.0171073819696232,1.0171073819696659,-4.1915499682095e-14,0.015,1.057257300002675,,,,ok
n8_k4_d0.25_seed2,8,4,0.25,2,SQA,,5000.0,200.0,,,11011000,4,1.0171073819696232,1.0171073819696659,-4.1915499682095e-14,0.025,4.884704899995995,,,,ok
n8_k4_d0.25_seed2,8,4,0.25,2,QAOA_STATEVECTOR,1.0,,,none,60.0,11011000,4,1.0171073819696659,1.0171073819696659,0.0,0.007257481142112997,0.9139388999974472,,,"{""gammas"": [0.34525944962627336], ""betas"": [0.18817221323899613]}",optimizer_fun=7.585051
n8_k4_d0.25_seed2,8,4,0.25,2,QAOA_STATEVECTOR,2.0,,,none,60.0,11011000,4,1.0171073819696659,1.0171073819696659,0.0,0.00011452636775927138,1.1951181999975233,,,"{""gammas"": [1.2856297195540618, 1.397559280593768], ""betas"": [1.3068820146333489, 0.14517661811965205]}",optimizer_fun=13.741846
n8_k4_d0.25_seed2,8,4,0.25,2,QAOA_SHOT_SIM,1.0,,,1024,60.0,11011000,4,1.0171073819696659,1.0171073819696659,0.0,0.0087890625,0.15402609999728156,,,"{""gammas"": [0.34525944962627336], ""betas"": [0.18817221323899613]}",ok
n8_k4_d0.25_seed2,8,4,0.25,2,QAOA_SHOT_SIM,2.0,,,1024,60.0,11001100,4,1.0643773793054265,1.0171073819696659,0.04647493290651432,0.0009765625,0.16563309999764897,,,"{""gammas"": [1.2856297195540618, 1.397559280593768], ""betas"": [1.3068820146333489, 0.14517661811965205]}",ok
n8_k4_d0.25_seed3,8,4,0.25,3,CPLEX_EXACT,,,,,,01101100,4,1.080469573459279,1.080469573459279,0.0,1.0,0.3016176000019186,,,,ok
n8_k4_d0.25_seed3,8,4,0.25,3,SA,,100.0,200.0,,,01101100,4,1.0804695734593182,1.080469573459279,3.616932066091018e-14,0.02,0.004765600002428982,,,,ok
n8_k4_d0.25_seed3,8,4,0.25,3,SA,,1000.0,200.0,,,01101100,4,1.0804695734593182,1.080469573459279,3.616932066091018e-14,0.005,0.03035459999955492,,,,ok
n8_k4_d0.25_seed3,8,4,0.25,3,SA,,5000.0,200.0,,,01101100,4,1.0804695734593182,1.080469573459279,3.616932066091018e-14,0.04,0.14945490000536665,,,,ok
n8_k4_d0.25_seed3,8,4,0.25,3,SQA,,100.0,200.0,,,01101100,4,1.0804695734593182,1.080469573459279,3.616932066091018e-14,0.025,0.11305800000263844,,,,ok
n8_k4_d0.25_seed3,8,4,0.25,3,SQA,,1000.0,200.0,,,01101100,4,1.0804695734593182,1.080469573459279,3.616932066091018e-14,0.04,1.0164385000025504,,,,ok
n8_k4_d0.25_seed3,8,4,0.25,3,SQA,,5000.0,200.0,,,01101100,4,1.0804695734593182,1.080469573459279,3.616932066091018e-14,0.025,5.0553979000033,,,,ok
n8_k4_d0.25_seed3,8,4,0.25,3,QAOA_STATEVECTOR,1.0,,,none,60.0,01101100,4,1.080469573459279,1.080469573459279,0.0,0.005882998463614473,0.6318872999981977,,,"{""gammas"": [1.2217038246037917], ""betas"": [0.21353488030371928]}",optimizer_fun=11.838326
n8_k4_d0.25_seed3,8,4,0.25,3,QAOA_STATEVECTOR,2.0,,,none,60.0,01101100,4,1.080469573459279,1.080469573459279,0.0,0.0005126148074761367,1.2142161000010674,,,"{""gammas"": [0.27830701878235975, 0.7448091661323762], ""betas"": [1.2630965596227552, 1.4309123088793936]}",optimizer_fun=13.584006
n8_k4_d0.25_seed3,8,4,0.25,3,QAOA_SHOT_SIM,1.0,,,1024,60.0,01101100,4,1.080469573459279,1.080469573459279,0.0,0.005859375,0.18372689999523573,,,"{""gammas"": [1.2217038246037917], ""betas"": [0.21353488030371928]}",ok
n8_k4_d0.25_seed3,8,4,0.25,3,QAOA_SHOT_SIM,2.0,,,1024,60.0,01101100,4,1.080469573459279,1.080469573459279,0.0,0.001953125,0.19193219999579014,,,"{""gammas"": [0.27830701878235975, 0.7448091661323762], ""betas"": [1.2630965596227552, 1.4309123088793936]}",ok
n8_k4_d0.25_seed4,8,4,0.25,4,CPLEX_EXACT,,,,,,00011110,4,0.7884451226115488,0.7884451226115488,0.0,1.0,0.28373999999894295,,,,ok
n8_k4_d0.25_seed4,8,4,0.25,4,SA,,100.0,200.0,,,00011110,4,0.7884451226115878,0.7884451226115488,4.956572036029878e-14,0.015,0.005197900005441625,,,,ok
n8_k4_d0.25_seed4,8,4,0.25,4,SA,,1000.0,200.0,,,00011110,4,0.7884451226115878,0.7884451226115488,4.956572036029878e-14,0.02,0.027633500001684297,,,,ok
n8_k4_d0.25_seed4,8,4,0.25,4,SA,,5000.0,200.0,,,00011110,4,0.7884451226115878,0.7884451226115488,4.956572036029878e-14,0.025,0.13198240000201622,,,,ok
n8_k4_d0.25_seed4,8,4,0.25,4,SQA,,100.0,200.0,,,00011110,4,0.7884451226115878,0.7884451226115488,4.956572036029878e-14,0.02,0.13793570000416366,,,,ok
n8_k4_d0.25_seed4,8,4,0.25,4,SQA,,1000.0,200.0,,,00011110,4,0.7884451226115878,0.7884451226115488,4.956572036029878e-14,0.025,1.3276278000048478,,,,ok
n8_k4_d0.25_seed4,8,4,0.25,4,SQA,,5000.0,200.0,,,00011110,4,0.7884451226115878,0.7884451226115488,4.956572036029878e-14,0.035,5.305712199995469,,,,ok
n8_k4_d0.25_seed4,8,4,0.25,4,QAOA_STATEVECTOR,1.0,,,none,60.0,00011110,4,0.7884451226115488,0.7884451226115488,0.0,0.01461012980450785,0.7536729999992531,,,"{""gammas"": [3.718876334511577], ""betas"": [1.282872149788577]}",optimizer_fun=17.479030
n8_k4_d0.25_seed4,8,4,0.25,4,QAOA_STATEVECTOR,2.0,,,none,60.0,00011110,4,0.7884451226115488,0.7884451226115488,0.0,0.012282255381690803,1.1614563000039198,,,"{""gammas"": [2.8971164241365055, 1.5465390923107516], ""betas"": [1.53289503933343, -0.16459548301555707]}",optimizer_fun=15.173294
n8_k4_d0.25_seed4,8,4,0.25,4,QAOA_SHOT_SIM,1.0,,,1024,60.0,00011110,4,0.7884451226115488,0.7884451226115488,0.0,0.015625,0.13626010000007227,,,"{""gammas"": [3.718876334511577], ""betas"": [1.282872149788577]}",ok
n8_k4_d0.25_seed4,8,4,0.25,4,QAOA_SHOT_SIM,2.0,,,1024,60.0,00011110,4,0.7884451226115488,0.7884451226115488,0.0,0.01171875,0.26092150000476977,,,"{""gammas"": [2.8971164241365055, 1.5465390923107516], ""betas"": [1.53289503933343, -0.16459548301555707]}",ok
n8_k4_d0.25_seed5,8,4,0.25,5,CPLEX_EXACT,,,,,,01010101,4,1.1642500157158082,1.1642500157158082,0.0,1.0,0.2716675999981817,,,,ok
n8_k4_d0.25_seed5,8,4,0.25,5,SA,,100.0,200.0,,,01010101,4,1.164250015715787,1.1642500157158082,-1.8309024509393934e-14,0.015,0.005142200003319886,,,,ok
n8_k4_d0.25_seed5,8,4,0.25,5,SA,,1000.0,200.0,,,01010101,4,1.164250015715787,1.1642500157158082,-1.8309024509393934e-14,0.03,0.03822399999626214,,,,ok
n8_k4_d0.25_seed5,8,4,0.25,5,SA,,5000.0,200.0,,,01010101,4,1.164250015715787,1.1642500157158082,-1.8309024509393934e-14,0.045,0.18543879999924684,,,,ok
n8_k4_d0.25_seed5,8,4,0.25,5,SQA,,100.0,200.0,,,01010101,4,1.164250015715787,1.1642500157158082,-1.8309024509393934e-14,0.03,0.1338986000046134,,,,ok
n8_k4_d0.25_seed5,8,4,0.25,5,SQA,,1000.0,200.0,,,01010101,4,1.164250015715787,1.1642500157158082,-1.8309024509393934e-14,0.015,1.040423099999316,,,,ok
n8_k4_d0.25_seed5,8,4,0.25,5,SQA,,5000.0,200.0,,,01010101,4,1.164250015715787,1.1642500157158082,-1.8309024509393934e-14,0.03,4.89758029999939,,,,ok
n8_k4_d0.25_seed5,8,4,0.25,5,QAOA_STATEVECTOR,1.0,,,none,60.0,01010101,4,1.1642500157158082,1.1642500157158082,0.0,0.005094869910222176,0.472483799996553,,,"{""gammas"": [3.095820196119858], ""betas"": [1.6247646959313837]}",optimizer_fun=21.733817
n8_k4_d0.25_seed5,8,4,0.25,5,QAOA_STATEVECTOR,2.0,,,none,60.0,01010101,4,1.1642500157158082,1.1642500157158082,0.0,0.027087584559288433,1.0908721999949194,,,"{""gammas"": [3.490266009794904, 2.509731292767016], ""betas"": [1.505391234364336, 0.3753526094424038]}",optimizer_fun=9.889578
n8_k4_d0.25_seed5,8,4,0.25,5,QAOA_SHOT_SIM,1.0,,,1024,60.0,01010101,4,1.1642500157158082,1.1642500157158082,0.0,0.005859375,0.12923149999551242,,,"{""gammas"": [3.095820196119858], ""betas"": [1.6247646959313837]}",ok
n8_k4_d0.25_seed5,8,4,0.25,5,QAOA_SHOT_SIM,2.0,,,1024,60.0,01010101,4,1.1642500157158082,1.1642500157158082,0.0,0.025390625,0.17215330000180984,,,"{""gammas"": [3.490266009794904, 2.509731292767016], ""betas"": [1.505391234364336, 0.3753526094424038]}",ok
n8_k4_d0.5_seed1,8,4,0.5,1,CPLEX_EXACT,,,,,,11000101,4,0.5118622249024973,0.5118622249024973,0.0,1.0,0.2584774999995716,,,,ok
n8_k4_d0.5_seed1,8,4,0.5,1,SA,,100.0,200.0,,,11000101,4,0.5118622249025719,0.5118622249024973,1.4575599375207286e-13,0.035,0.003993400001490954,,,,ok
n8_k4_d0.5_seed1,8,4,0.5,1,SA,,1000.0,200.0,,,11000101,4,0.5118622249025719,0.5118622249024973,1.4575599375207286e-13,0.015,0.025673500000266358,,,,ok
n8_k4_d0.5_seed1,8,4,0.5,1,SA,,5000.0,200.0,,,11000101,4,0.5118622249025719,0.5118622249024973,1.4575599375207286e-13,0.04,0.12600260000181152,,,,ok
n8_k4_d0.5_seed1,8,4,0.5,1,SQA,,100.0,200.0,,,11000101,4,0.5118622249025719,0.5118622249024973,1.4575599375207286e-13,0.02,0.10447159999603173,,,,ok
n8_k4_d0.5_seed1,8,4,0.5,1,SQA,,1000.0,200.0,,,11000101,4,0.5118622249025719,0.5118622249024973,1.4575599375207286e-13,0.015,0.963627400000405,,,,ok
n8_k4_d0.5_seed1,8,4,0.5,1,SQA,,5000.0,200.0,,,11000101,4,0.5118622249025719,0.5118622249024973,1.4575599375207286e-13,0.025,5.092560199998843,,,,ok
n8_k4_d0.5_seed1,8,4,0.5,1,QAOA_STATEVECTOR,1.0,,,none,60.0,11000101,4,0.5118622249024973,0.5118622249024973,0.0,0.002450171719853312,0.44860020000487566,,,"{""gammas"": [2.161424905149673], ""betas"": [1.3497750798837946]}",optimizer_fun=12.651804
n8_k4_d0.5_seed1,8,4,0.5,1,QAOA_STATEVECTOR,2.0,,,none,60.0,11000101,4,0.5118622249024973,0.5118622249024973,0.0,0.011913038117196257,1.1434792000000016,,,"{""gammas"": [1.6031698101621124, 2.9207751094300516], ""betas"": [0.2324401947327175, 1.5236867349769618]}",optimizer_fun=9.284025
n8_k4_d0.5_seed1,8,4,0.5,1,QAOA_SHOT_SIM,1.0,,,1024,60.0,11000101,4,0.5118622249024973,0.5118622249024973,0.0,0.005859375,0.13320930000190856,,,"{""gammas"": [2.161424905149673], ""betas"": [1.3497750798837946]}",ok
n8_k4_d0.5_seed1,8,4,0.5,1,QAOA_SHOT_SIM,2.0,,,1024,60.0,11000101,4,0.5118622249024973,0.5118622249024973,0.0,0.0048828125,0.16742439999507042,,,"{""gammas"": [1.6031698101621124, 2.9207751094300516], ""betas"": [0.2324401947327175, 1.5236867349769618]}",ok
n8_k4_d0.5_seed2,8,4,0.5,2,CPLEX_EXACT,,,,,,11101000,4,1.7817897107558451,1.7817897107558451,0.0,1.0,0.31645990000106394,,,,ok
n8_k4_d0.5_seed2,8,4,0.5,2,SA,,100.0,200.0,,,11101000,4,1.7817897107558274,1.7817897107558451,-9.969508908246585e-15,0.03,0.0034849000003305264,,,,ok
n8_k4_d0.5_seed2,8,4,0.5,2,SA,,1000.0,200.0,,,11101000,4,1.7817897107558274,1.7817897107558451,-9.969508908246585e-15,0.015,0.02011579999816604,,,,ok
n8_k4_d0.5_seed2,8,4,0.5,2,SA,,5000.0,200.0,,,11101000,4,1.7817897107558274,1.7817897107558451,-9.969508908246585e-15,0.01,0.09463729999697534,,,,ok
n8_k4_d0.5_seed2,8,4,0.5,2,SQA,,100.0,200.0,,,11101000,4,1.7817897107558274,1.7817897107558451,-9.969508908246585e-15,0.03,0.12610550000681542,,,,ok
n8_k4_d0.5_seed2,8,4,0.5,2,SQA,,1000.0,200.0,,,11101000,4,1.7817897107558274,1.7817897107558451,-9.969508908246585e-15,0.03,0.9500506999975187,,,,ok
n8_k4_d0.5_seed2,8,4,0.5,2,SQA,,5000.0,200.0,,,11101000,4,1.7817897107558274,1.7817897107558451,-9.969508908246585e-15,0.02,4.8666445999988355,,,,ok
n8_k4_d0.5_seed2,8,4,0.5,2,QAOA_STATEVECTOR,1.0,,,none,60.0,11101000,4,1.7817897107558451,1.7817897107558451,0.0,0.011423242736389084,0.9259204999980284,,,"{""gammas"": [4.280791769704396], ""betas"": [1.0250184493014696]}",optimizer_fun=20.283005
n8_k4_d0.5_seed2,8,4,0.5,2,QAOA_STATEVECTOR,2.0,,,none,60.0,11101000,4,1.7817897107558451,1.7817897107558451,0.0,0.002821142668548234,1.1050711999996565,,,"{""gammas"": [1.296263291639873, 1.3745782500088455], ""betas"": [1.3394633546336538, 0.16476315699682584]}",optimizer_fun=17.801562
n8_k4_d0.5_seed2,8,4,0.5,2,QAOA_SHOT_SIM,1.0,,,1024,60.0,11101000,4,1.7817897107558451,1.7817897107558451,0.0,0.0048828125,0.13441299999976764,,,"{""gammas"": [4.280791769704396], ""betas"": [1.0250184493014696]}",ok
n8_k4_d0.5_seed2,8,4,0.5,2,QAOA_SHOT_SIM,2.0,,,1024,60.0,11101000,4,1.7817897107558451,1.7817897107558451,0.0,0.0009765625,0.17681650000304217,,,"{""gammas"": [1.296263291639873, 1.3745782500088455], ""betas"": [1.3394633546336538, 0.16476315699682584]}",ok
n8_k4_d0.5_seed3,8,4,0.5,3,CPLEX_EXACT,,,,,,11000110,4,1.1118041507334055,1.1118041507334055,0.0,1.0,0.3140646000028937,,,,ok
n8_k4_d0.5_seed3,8,4,0.5,3,SA,,100.0,200.0,,,11000110,4,1.111804150733409,1.1118041507334055,3.1954491953074116e-15,0.005,0.004226000004564412,,,,ok
n8_k4_d0.5_seed3,8,4,0.5,3,SA,,1000.0,200.0,,,11000110,4,1.111804150733409,1.1118041507334055,3.1954491953074116e-15,0.025,0.02936069999850588,,,,ok
n8_k4_d0.5_seed3,8,4,0.5,3,SA,,5000.0,200.0,,,11000110,4,1.111804150733409,1.1118041507334055,3.1954491953074116e-15,0.02,0.13500569999450818,,,,ok
n8_k4_d0.5_seed3,8,4,0.5,3,SQA,,100.0,200.0,,,11000110,4,1.111804150733409,1.1118041507334055,3.1954491953074116e-15,0.02,0.12499319999915315,,,,ok
n8_k4_d0.5_seed3,8,4,0.5,3,SQA,,1000.0,200.0,,,11000110,4,1.111804150733409,1.1118041507334055,3.1954491953074116e-15,0.015,0.977355399998487,,,,ok
n8_k4_d0.5_seed3,8,4,0.5,3,SQA,,5000.0,200.0,,,11000110,4,1.111804150733409,1.1118041507334055,3.1954491953074116e-15,0.035,5.212481399998069,,,,ok
n8_k4_d0.5_seed3,8,4,0.5,3,QAOA_STATEVECTOR,1.0,,,none,60.0,11000110,4,1.1118041507334055,1.1118041507334055,0.0,0.002578516798790644,0.6248779000015929,,,"{""gammas"": [1.2230753700724455], ""betas"": [0.18108565229276163]}",optimizer_fun=13.911422
n8_k4_d0.5_seed3,8,4,0.5,3,QAOA_STATEVECTOR,2.0,,,none,60.0,11000110,4,1.1118041507334055,1.1118041507334055,0.0,0.0018522339300313293,1.0695091000015964,,,"{""gammas"": [0.28023511741404616, 0.7472364964674431], ""betas"": [1.2775223018254789, 1.4611247398216731]}",optimizer_fun=12.555993
n8_k4_d0.5_seed3,8,4,0.5,3,QAOA_SHOT_SIM,1.0,,,1024,60.0,11000110,4,1.1118041507334055,1.1118041507334055,0.0,0.00390625,0.1449138000025414,,,"{""gammas"": [1.2230753700724455], ""betas"": [0.18108565229276163]}",ok
n8_k4_d0.5_seed3,8,4,0.5,3,QAOA_SHOT_SIM,2.0,,,1024,60.0,11000110,4,1.1118041507334055,1.1118041507334055,0.0,0.0009765625,0.17431490000308258,,,"{""gammas"": [0.28023511741404616, 0.7472364964674431], ""betas"": [1.2775223018254789, 1.4611247398216731]}",ok
n8_k4_d0.5_seed4,8,4,0.5,4,CPLEX_EXACT,,,,,,00011110,4,1.4233708525679987,1.4233708525679987,0.0,1.0,0.3210785000046599,,,,ok
n8_k4_d0.5_seed4,8,4,0.5,4,SA,,100.0,200.0,,,00011110,4,1.42337085256802,1.4233708525679987,1.497591582288261e-14,0.02,0.004562199996144045,,,,ok
n8_k4_d0.5_seed4,8,4,0.5,4,SA,,1000.0,200.0,,,00011110,4,1.42337085256802,1.4233708525679987,1.497591582288261e-14,0.035,0.031618699998944066,,,,ok
n8_k4_d0.5_seed4,8,4,0.5,4,SA,,5000.0,200.0,,,00011110,4,1.42337085256802,1.4233708525679987,1.497591582288261e-14,0.03,0.14788160000171047,,,,ok
n8_k4_d0.5_seed4,8,4,0.5,4,SQA,,100.0,200.0,,,00011110,4,1.42337085256802,1.4233708525679987,1.497591582288261e-14,0.03,0.12057440000353381,,,,ok
n8_k4_d0.5_seed4,8,4,0.5,4,SQA,,1000.0,200.0,,,00011110,4,1.42337085256802,1.4233708525679987,1.497591582288261e-14,0.015,0.9878061999988859,,,,ok
n8_k4_d0.5_seed4,8,4,0.5,4,SQA,,5000.0,200.0,,,00011110,4,1.42337085256802,1.4233708525679987,1.497591582288261e-14,0.03,4.968751400003384,,,,ok
n8_k4_d0.5_seed4,8,4,0.5,4,QAOA_STATEVECTOR,1.0,,,none,60.0,00011110,4,1.4233708525679987,1.4233708525679987,0.0,0.005011521020732131,0.599598299995705,,,"{""gammas"": [3.7374860991316936], ""betas"": [1.2768404351277998]}",optimizer_fun=19.143282
n8_k4_d0.5_seed4,8,4,0.5,4,QAOA_STATEVECTOR,2.0,,,none,60.0,00011110,4,1.4233708525679987,1.4233708525679987,0.0,0.002023870170163453,0.6923672999982955,,,"{""gammas"": [2.9023124427226326, 1.6107418550457704], ""betas"": [1.572928702978674, 0.10712513812828946]}",optimizer_fun=22.324898
n8_k4_d0.5_seed4,8,4,0.5,4,QAOA_SHOT_SIM,1.0,,,1024,60.0,00011110,4,1.4233708525679987,1.4233708525679987,0.0,0.0048828125,0.13397239999903832,,,"{""gammas"": [3.7374860991316936], ""betas"": [1.2768404351277998]}",ok
n8_k4_d0.5_seed4,8,4,0.5,4,QAOA_SHOT_SIM,2.0,,,1024,60.0,00011110,4,1.4233708525679987,1.4233708525679987,0.0,0.001953125,0.1774924999990617,,,"{""gammas"": [2.9023124427226326, 1.6107418550457704], ""betas"": [1.572928702978674, 0.10712513812828946]}",ok
n8_k4_d0.5_seed5,8,4,0.5,5,CPLEX_EXACT,,,,,,01010101,4,1.2385678947478524,1.2385678947478524,0.0,1.0,0.3123992000037106,,,,ok
n8_k4_d0.5_seed5,8,4,0.5,5,SA,,100.0,200.0,,,01010101,4,1.2385678947478596,1.2385678947478524,5.736808928869841e-15,0.01,0.005591699999058619,,,,ok
n8_k4_d0.5_seed5,8,4,0.5,5,SA,,1000.0,200.0,,,01010101,4,1.2385678947478596,1.2385678947478524,5.736808928869841e-15,0.03,0.03293199999461649,,,,ok
n8_k4_d0.5_seed5,8,4,0.5,5,SA,,5000.0,200.0,,,01010101,4,1.2385678947478596,1.2385678947478524,5.736808928869841e-15,0.015,0.16083980000257725,,,,ok
n8_k4_d0.5_seed5,8,4,0.5,5,SQA,,100.0,200.0,,,01010101,4,1.2385678947478596,1.2385678947478524,5.736808928869841e-15,0.025,0.10566790000302717,,,,ok
n8_k4_d0.5_seed5,8,4,0.5,5,SQA,,1000.0,200.0,,,01010101,4,1.2385678947478596,1.2385678947478524,5.736808928869841e-15,0.02,1.0951378000027034,,,,ok
n8_k4_d0.5_seed5,8,4,0.5,5,SQA,,5000.0,200.0,,,01010101,4,1.2385678947478596,1.2385678947478524,5.736808928869841e-15,0.035,5.447210899998026,,,,ok
n8_k4_d0.5_seed5,8,4,0.5,5,QAOA_STATEVECTOR,1.0,,,none,60.0,01010101,4,1.2385678947478524,1.2385678947478524,0.0,0.005710806317299478,0.45161210000514984,,,"{""gammas"": [3.1568211995903717], ""betas"": [1.6423380016561895]}",optimizer_fun=22.083507
n8_k4_d0.5_seed5,8,4,0.5,5,QAOA_STATEVECTOR,2.0,,,none,60.0,01010101,4,1.2385678947478524,1.2385678947478524,0.0,0.030973311646259636,1.0759037000025273,,,"{""gammas"": [2.989309986552203, 2.5247243569799247], ""betas"": [0.7705511465006284, 0.4661771877481129]}",optimizer_fun=19.067744
n8_k4_d0.5_seed5,8,4,0.5,5,QAOA_SHOT_SIM,1.0,,,1024,60.0,01010101,4,1.2385678947478524,1.2385678947478524,0.0,0.0087890625,0.13789949999772944,,,"{""gammas"": [3.1568211995903717], ""betas"": [1.6423380016561895]}",ok
n8_k4_d0.5_seed5,8,4,0.5,5,QAOA_SHOT_SIM,2.0,,,1024,60.0,01010101,4,1.2385678947478524,1.2385678947478524,0.0,0.0302734375,0.17036940000252798,,,"{""gammas"": [2.989309986552203, 2.5247243569799247], ""betas"": [0.7705511465006284, 0.4661771877481129]}",ok
n8_k4_d1.0_seed1,8,4,1.0,1,CPLEX_EXACT,,,,,,11001100,4,-0.15842363510883573,-0.15842363510883573,0.0,1.0,0.3240250000017113,,,,ok
n8_k4_d1.0_seed1,8,4,1.0,1,SA,,100.0,200.0,,,11001100,4,-0.15842363510884638,-0.15842363510883573,-6.727620553006152e-14,0.035,0.0042498999973759055,,,,ok
n8_k4_d1.0_seed1,8,4,1.0,1,SA,,1000.0,200.0,,,11001100,4,-0.15842363510884638,-0.15842363510883573,-6.727620553006152e-14,0.03,0.02808470000309171,,,,ok
n8_k4_d1.0_seed1,8,4,1.0,1,SA,,5000.0,200.0,,,11001100,4,-0.15842363510884638,-0.15842363510883573,-6.727620553006152e-14,0.005,0.13692550000268966,,,,ok
n8_k4_d1.0_seed1,8,4,1.0,1,SQA,,100.0,200.0,,,11001100,4,-0.15842363510884638,-0.15842363510883573,-6.727620553006152e-14,0.02,0.10300219999771798,,,,ok
n8_k4_d1.0_seed1,8,4,1.0,1,SQA,,1000.0,200.0,,,11001100,4,-0.15842363510884638,-0.15842363510883573,-6.727620553006152e-14,0.005,0.9480704000015976,,,,ok
n8_k4_d1.0_seed1,8,4,1.0,1,SQA,,5000.0,200.0,,,11001100,4,-0.15842363510884638,-0.15842363510883573,-6.727620553006152e-14,0.02,4.816500599998108,,,,ok
n8_k4_d1.0_seed1,8,4,1.0,1,QAOA_STATEVECTOR,1.0,,,none,60.0,11001100,4,-0.15842363510883573,-0.15842363510883573,0.0,0.0021263825087864986,0.8751506999979028,,,"{""gammas"": [2.168834593494752], ""betas"": [1.2986860024313527]}",optimizer_fun=7.970075
n8_k4_d1.0_seed1,8,4,1.0,1,QAOA_STATEVECTOR,2.0,,,none,60.0,11001100,4,-0.15842363510883573,-0.15842363510883573,0.0,0.027774850570541416,1.083746100004646,,,"{""gammas"": [1.6025060913625506, 2.927810080363612], ""betas"": [0.2747445456680506, 1.4722325128515763]}",optimizer_fun=5.246822
n8_k4_d1.0_seed1,8,4,1.0,1,QAOA_SHOT_SIM,1.0,,,1024,60.0,11001100,4,-0.15842363510883573,-0.15842363510883573,0.0,0.0029296875,0.14850509999814676,,,"{""gammas"": [2.168834593494752], ""betas"": [1.2986860024313527]}",ok
n8_k4_d1.0_seed1,8,4,1.0,1,QAOA_SHOT_SIM,2.0,,,1024,60.0,11001100,4,-0.15842363510883573,-0.15842363510883573,0.0,0.0341796875,0.17189330000110203,,,"{""gammas"": [1.6025060913625506, 2.927810080363612], ""betas"": [0.2747445456680506, 1.4722325128515763]}",ok
n8_k4_d1.0_seed2,8,4,1.0,2,CPLEX_EXACT,,,,,,11011000,4,0.6222341254639794,0.6222341254639794,0.0,1.0,0.24689180000132183,,,,ok
n8_k4_d1.0_seed2,8,4,1.0,2,SA,,100.0,200.0,,,11011000,4,0.6222341254639971,0.6222341254639794,2.854804593167692e-14,0.03,0.003936000000976492,,,,ok
n8_k4_d1.0_seed2,8,4,1.0,2,SA,,1000.0,200.0,,,11011000,4,0.6222341254639971,0.6222341254639794,2.854804593167692e-14,0.06,0.025223500000720378,,,,ok
n8_k4_d1.0_seed2,8,4,1.0,2,SA,,5000.0,200.0,,,11011000,4,0.6222341254639971,0.6222341254639794,2.854804593167692e-14,0.05,0.12070250000397209,,,,ok
n8_k4_d1.0_seed2,8,4,1.0,2,SQA,,100.0,200.0,,,11011000,4,0.6222341254639971,0.6222341254639794,2.854804593167692e-14,0.02,0.10542849999910686,,,,ok
n8_k4_d1.0_seed2,8,4,1.0,2,SQA,,1000.0,200.0,,,11011000,4,0.6222341254639971,0.6222341254639794,2.854804593167692e-14,0.045,1.07210589999886,,,,ok
n8_k4_d1.0_seed2,8,4,1.0,2,SQA,,5000.0,200.0,,,11011000,4,0.6222341254639971,0.6222341254639794,2.854804593167692e-14,0.035,4.82460710000305,,,,ok
n8_k4_d1.0_seed2,8,4,1.0,2,QAOA_STATEVECTOR,1.0,,,none,60.0,11011000,4,0.6222341254639794,0.6222341254639794,0.0,0.005846520350800586,0.8011036999960197,,,"{""gammas"": [1.9263245447939772], ""betas"": [1.4220694470748045]}",optimizer_fun=20.509515
n8_k4_d1.0_seed2,8,4,1.0,2,QAOA_STATEVECTOR,2.0,,,none,60.0,11011000,4,0.6222341254639794,0.6222341254639794,0.0,0.006369530733817908,1.0444295999986934,,,"{""gammas"": [1.2893766660557335, 1.378206050867486], ""betas"": [1.3162120767851249, 0.08971749491573718]}",optimizer_fun=14.757705
n8_k4_d1.0_seed2,8,4,1.0,2,QAOA_SHOT_SIM,1.0,,,1024,60.0,11011000,4,0.6222341254639794,0.6222341254639794,0.0,0.005859375,0.1360620999985258,,,"{""gammas"": [1.9263245447939772], ""betas"": [1.4220694470748045]}",ok
n8_k4_d1.0_seed2,8,4,1.0,2,QAOA_SHOT_SIM,2.0,,,1024,60.0,11011000,4,0.6222341254639794,0.6222341254639794,0.0,0.0068359375,0.16286300000501797,,,"{""gammas"": [1.2893766660557335, 1.378206050867486], ""betas"": [1.3162120767851249, 0.08971749491573718]}",ok
n8_k4_d1.0_seed3,8,4,1.0,3,CPLEX_EXACT,,,,,,11001010,4,0.424951916452347,0.424951916452347,0.0,1.0,0.2529785000006086,,,,ok
n8_k4_d1.0_seed3,8,4,1.0,3,SA,,100.0,200.0,,,11001010,4,0.4249519164523541,0.424951916452347,1.6720544331037947e-14,0.015,0.004273899998224806,,,,ok
n8_k4_d1.0_seed3,8,4,1.0,3,SA,,1000.0,200.0,,,11001010,4,0.4249519164523541,0.424951916452347,1.6720544331037947e-14,0.04,0.027928700001211837,,,,ok
n8_k4_d1.0_seed3,8,4,1.0,3,SA,,5000.0,200.0,,,11001010,4,0.4249519164523541,0.424951916452347,1.6720544331037947e-14,0.03,0.13637319999543251,,,,ok
n8_k4_d1.0_seed3,8,4,1.0,3,SQA,,100.0,200.0,,,11001010,4,0.4249519164523541,0.424951916452347,1.6720544331037947e-14,0.01,0.1061623000059626,,,,ok
n8_k4_d1.0_seed3,8,4,1.0,3,SQA,,1000.0,200.0,,,11001010,4,0.4249519164523541,0.424951916452347,1.6720544331037947e-14,0.05,1.0413627000016277,,,,ok
n8_k4_d1.0_seed3,8,4,1.0,3,SQA,,5000.0,200.0,,,11001010,4,0.4249519164523541,0.424951916452347,1.6720544331037947e-14,0.05,5.325101599999471,,,,ok
n8_k4_d1.0_seed3,8,4,1.0,3,QAOA_STATEVECTOR,1.0,,,none,60.0,11001010,4,0.424951916452347,0.424951916452347,0.0,0.0037135349003476624,0.5699953000003006,,,"{""gammas"": [1.5411635923291214], ""betas"": [-0.2131276486423613]}",optimizer_fun=17.585501
n8_k4_d1.0_seed3,8,4,1.0,3,QAOA_STATEVECTOR,2.0,,,none,60.0,11001010,4,0.424951916452347,0.424951916452347,0.0,0.0031687249646567186,1.175660599998082,,,"{""gammas"": [0.2866365203475362, 1.2733273201372133], ""betas"": [2.651103493305293, 0.5497119636907054]}",optimizer_fun=19.992953
n8_k4_d1.0_seed3,8,4,1.0,3,QAOA_SHOT_SIM,1.0,,,1024,60.0,11001010,4,0.424951916452347,0.424951916452347,0.0,0.001953125,0.18104970000422327,,,"{""gammas"": [1.5411635923291214], ""betas"": [-0.2131276486423613]}",ok
n8_k4_d1.0_seed3,8,4,1.0,3,QAOA_SHOT_SIM,2.0,,,1024,60.0,11001010,4,0.424951916452347,0.424951916452347,0.0,0.001953125,0.16551310000068042,,,"{""gammas"": [0.2866365203475362, 1.2733273201372133], ""betas"": [2.651103493305293, 0.5497119636907054]}",ok
n8_k4_d1.0_seed4,8,4,1.0,4,CPLEX_EXACT,,,,,,01100110,4,0.4085336712869818,0.4085336712869818,0.0,1.0,0.2667418999990332,,,,ok
n8_k4_d1.0_seed4,8,4,1.0,4,SA,,100.0,200.0,,,01100110,4,0.40853367128703155,0.4085336712869818,1.217475938923714e-13,0.015,0.0041103000039584,,,,ok
n8_k4_d1.0_seed4,8,4,1.0,4,SA,,1000.0,200.0,,,01100110,4,0.40853367128703155,0.4085336712869818,1.217475938923714e-13,0.04,0.026685899996664375,,,,ok
n8_k4_d1.0_seed4,8,4,1.0,4,SA,,5000.0,200.0,,,01100110,4,0.40853367128703155,0.4085336712869818,1.217475938923714e-13,0.045,0.1292786999983946,,,,ok
n8_k4_d1.0_seed4,8,4,1.0,4,SQA,,100.0,200.0,,,01100110,4,0.40853367128703155,0.4085336712869818,1.217475938923714e-13,0.02,0.13329430000158027,,,,ok
n8_k4_d1.0_seed4,8,4,1.0,4,SQA,,1000.0,200.0,,,01100110,4,0.40853367128703155,0.4085336712869818,1.217475938923714e-13,0.04,1.1064429999969434,,,,ok
n8_k4_d1.0_seed4,8,4,1.0,4,SQA,,5000.0,200.0,,,01100110,4,0.40853367128703155,0.4085336712869818,1.217475938923714e-13,0.045,5.2717868000036106,,,,ok
n8_k4_d1.0_seed4,8,4,1.0,4,QAOA_STATEVECTOR,1.0,,,none,60.0,01100110,4,0.4085336712869818,0.4085336712869818,0.0,0.00042477934455904934,0.8586933999977191,,,"{""gammas"": [3.46974010381587], ""betas"": [1.3295393388304135]}",optimizer_fun=20.608697
n8_k4_d1.0_seed4,8,4,1.0,4,QAOA_STATEVECTOR,2.0,,,none,60.0,01100110,4,0.4085336712869818,0.4085336712869818,0.0,0.0005983538453407197,1.1115703000032227,,,"{""gammas"": [3.480060868307614, 1.5209977431726411], ""betas"": [1.3741844888031773, 0.1388996078510733]}",optimizer_fun=19.916054
n8_k4_d1.0_seed4,8,4,1.0,4,QAOA_SHOT_SIM,1.0,,,1024,60.0,01100110,4,0.4085336712869818,0.4085336712869818,0.0,0.0009765625,0.13153909999527968,,,"{""gammas"": [3.46974010381587], ""betas"": [1.3295393388304135]}",ok
n8_k4_d1.0_seed4,8,4,1.0,4,QAOA_SHOT_SIM,2.0,,,1024,60.0,01100110,4,0.4085336712869818,0.4085336712869818,0.0,0.0009765625,0.18322709999483777,,,"{""gammas"": [3.480060868307614, 1.5209977431726411], ""betas"": [1.3741844888031773, 0.1388996078510733]}",ok
n8_k4_d1.0_seed5,8,4,1.0,5,CPLEX_EXACT,,,,,,01100110,4,0.8237703666727256,0.8237703666727256,0.0,1.0,0.3365644000004977,,,,ok
n8_k4_d1.0_seed5,8,4,1.0,5,SA,,100.0,200.0,,,01100110,4,0.8237703666726937,0.8237703666727256,-3.8814728476276414e-14,0.015,0.004261399997631088,,,,ok
n8_k4_d1.0_seed5,8,4,1.0,5,SA,,1000.0,200.0,,,01100110,4,0.8237703666726937,0.8237703666727256,-3.8814728476276414e-14,0.045,0.027851999999256805,,,,ok
n8_k4_d1.0_seed5,8,4,1.0,5,SA,,5000.0,200.0,,,01100110,4,0.8237703666726937,0.8237703666727256,-3.8814728476276414e-14,0.035,0.13914010000007693,,,,ok
n8_k4_d1.0_seed5,8,4,1.0,5,SQA,,100.0,200.0,,,01100110,4,0.8237703666726937,0.8237703666727256,-3.8814728476276414e-14,0.015,0.09842649999336572,,,,ok
n8_k4_d1.0_seed5,8,4,1.0,5,SQA,,1000.0,200.0,,,01100110,4,0.8237703666726937,0.8237703666727256,-3.8814728476276414e-14,0.055,0.9704450999997789,,,,ok
n8_k4_d1.0_seed5,8,4,1.0,5,SQA,,5000.0,200.0,,,01100110,4,0.8237703666726937,0.8237703666727256,-3.8814728476276414e-14,0.04,4.93352589999995,,,,ok
n8_k4_d1.0_seed5,8,4,1.0,5,QAOA_STATEVECTOR,1.0,,,none,60.0,01100110,4,0.8237703666727256,0.8237703666727256,0.0,0.00993588513126405,0.29241259999980684,,,"{""gammas"": [2.5557607232117063], ""betas"": [1.2484552435733804]}",optimizer_fun=17.491801
n8_k4_d1.0_seed5,8,4,1.0,5,QAOA_STATEVECTOR,2.0,,,none,60.0,01100110,4,0.8237703666727256,0.8237703666727256,0.0,0.006973067800541606,0.8462979999967501,,,"{""gammas"": [3.037441295766561, 3.048390474127334], ""betas"": [1.3217570324013834, 0.4266110447177394]}",optimizer_fun=20.183732
n8_k4_d1.0_seed5,8,4,1.0,5,QAOA_SHOT_SIM,1.0,,,1024,60.0,01100110,4,0.8237703666727256,0.8237703666727256,0.0,0.0087890625,0.14003339999908349,,,"{""gammas"": [2.5557607232117063], ""betas"": [1.2484552435733804]}",ok
n8_k4_d1.0_seed5,8,4,1.0,5,QAOA_SHOT_SIM,2.0,,,1024,60.0,01100110,4,0.8237703666727256,0.8237703666727256,0.0,0.0078125,0.17097060000378406,,,"{""gammas"": [3.037441295766561, 3.048390474127334], ""betas"": [1.3217570324013834, 0.4266110447177394]}",ok
